LtR algorithm,repo_name,ndcg@1,ndcg@2,ndcg@3,ndcg@4,ndcg@5,ndcg@6,ndcg@7,ndcg@8,ndcg@9,ndcg@10,ndcg@11,ndcg@12,ndcg@13,ndcg@14,ndcg@15,ndcg@16,ndcg@17,ndcg@18,ndcg@19,ndcg@20,Project_Category
ListNet,alibaba_BizCharts,0,0.191903361,0.146875279,0.1221815,0.106150667,0.094708776,0.086031042,0.079166235,0.081921748,0.076709821,0.072272776,0.068437736,0.065081278,0.062112638,0.059463391,0.057080856,0.054923732,0.052959121,0.055171867,0.053387703,Small
ListNet,AmruthPillai_Reactive-Resume,0.023622047,0.10891243,0.096290165,0.09995872,0.218048706,0.200486555,0.204482151,0.197590144,0.187509427,0.239200717,0.22855302,0.269488625,0.262064429,0.255498051,0.287252775,0.277951778,0.269530744,0.259889684,0.285026261,0.277591425,Small
ListNet,apache_kylin,0,0.386852807,0.296081911,0.414429925,0.392081051,0.45760812,0.507305017,0.506407965,0.541332445,0.570513236,0.595355589,0.6168274,0.635619702,0.606626319,0.623404613,0.638493752,0.614364644,0.628158743,0.640787694,0.620065715,Small
ListNet,asynkron_protoactor-dotnet,0,0.191903361,0.204149454,0.253228158,0.220003338,0.202230499,0.206066305,0.229206457,0.221345759,0.207263568,0.22396829,0.21208377,0.226011236,0.221089401,0.254311733,0.248854514,0.277240807,0.285068033,0.277258178,0.300630414,Small
ListNet,aws_chalice,0.244094488,0.244094488,0.192362975,0.201060467,0.174680313,0.182162408,0.210923689,0.213570537,0.215730283,0.209519618,0.19876694,0.201172174,0.192464413,0.183685272,0.218502977,0.229624042,0.22540986,0.221571774,0.22233672,0.223040329,Small
ListNet,open-mmlab_mmsegmentation,0,0,0.012932878,0.010758505,0.016578711,0.02073284,0.110458629,0.106042758,0.102439545,0.095922261,0.09037393,0.085578381,0.081381279,0.077669124,0.074356357,0.071377102,0.070762664,0.068231498,0.067786124,0.065594037,Small
ListNet,otya128_winevdm,0.238095238,0.33634357,0.313290644,0.343347283,0.312876718,0.279152001,0.298660111,0.274828665,0.272229563,0.254910104,0.268627519,0.288253031,0.306343783,0.304397106,0.320440474,0.313367624,0.327908844,0.325829493,0.328930875,0.331865994,Small
ListNet,remotion-dev_remotion,0.492063492,0.492063492,0.402677068,0.503103501,0.501654996,0.459558601,0.509076784,0.548249775,0.544274272,0.540952581,0.538124741,0.535680574,0.521085811,0.502385079,0.491112508,0.480974803,0.481393852,0.472691109,0.468492723,0.464498701,Small
ListNet,capistrano_capistrano,0.118110236,0.459271767,0.36444141,0.47129631,0.441486278,0.396445045,0.362284973,0.33337661,0.311459691,0.293147233,0.27755737,0.315892637,0.300400011,0.289211635,0.279227006,0.26898562,0.296611145,0.28684638,0.285394385,0.277947644,Small
ListNet,Shopify_shopify_app,0.047619048,0.219553629,0.168037705,0.13978594,0.127693175,0.13959332,0.148618602,0.13675965,0.134944868,0.126359569,0.119050685,0.138844015,0.156167297,0.151215939,0.154921541,0.150622226,0.163525521,0.175277258,0.173942277,0.179042945,Small
ListNet,StackExchange_StackExchange.Redis,1,0.613147193,0.496992037,0.454472995,0.426870267,0.488647436,0.535500342,0.512247746,0.484360247,0.461059133,0.492232524,0.492435782,0.517328742,0.499118647,0.48286776,0.463520579,0.446003824,0.434275137,0.419525726,0.409778464,Small
ListNet,tensorflow_tensor2tensor,0,0.190356143,0.380330462,0.335067276,0.422309825,0.376789406,0.34226591,0.354218939,0.363972235,0.404436823,0.438885359,0.441707172,0.420044103,0.423329221,0.405273254,0.429102317,0.431481662,0.433648662,0.418920529,0.406913273,Small
ListNet,ThePhD_sol2,0.118110236,0.166847598,0.127698584,0.110200452,0.127768029,0.221785176,0.246916003,0.236638006,0.219894504,0.221434126,0.208625944,0.210508026,0.212155239,0.213612127,0.225659307,0.218826191,0.219781097,0.229663645,0.238711442,0.234811405,Small
ListNet,the-tcpdump-group_tcpdump,1,1,1,1,1,1,0.908374556,0.915685766,0.921651484,0.926636078,0.93087959,0.934547355,0.937757412,0.896059716,0.900493008,0.90447998,0.872382023,0.876946893,0.847162895,0.852105386,Small
ListNet,vcmi_vcmi,0.244094488,0.195357127,0.177231965,0.188473397,0.294949808,0.334814392,0.317989361,0.314362251,0.301309055,0.289755807,0.279417128,0.286522118,0.292986925,0.291354462,0.283130251,0.302400396,0.300749496,0.305452374,0.309854737,0.313988402,Small
ListNet,vernesong_OpenClash,0.244094488,0.244094488,0.186820313,0.175268257,0.217358155,0.193929303,0.176160445,0.201686921,0.25817217,0.249261319,0.24896246,0.28881507,0.323694396,0.320063497,0.349064356,0.339810661,0.36475966,0.355937059,0.347859679,0.338392917,Small
ListNet,wiremock_wiremock,0.244094488,0.536518657,0.645269624,0.577821037,0.633213061,0.591270299,0.628720339,0.658346428,0.629035717,0.590518822,0.614204013,0.594564741,0.614448892,0.588935379,0.57422712,0.560999615,0.544262527,0.525639322,0.516077134,0.531726373,Small
ListNet,XTLS_Xray-core,0.492063492,0.39381516,0.327481662,0.275091668,0.270237549,0.266772956,0.287415302,0.28347983,0.298238326,0.280274022,0.321904378,0.317457179,0.313564955,0.301434004,0.309564791,0.306701203,0.304108537,0.293798411,0.292642176,0.291542224,Small
ListNet,zeromicro_go-zero,0.244094488,0.341569211,0.377819534,0.397699515,0.377545756,0.390320628,0.376922593,0.426640767,0.396453475,0.434851581,0.416530643,0.40069544,0.405372642,0.432496186,0.42446042,0.417233654,0.410690608,0.412161,0.413555336,0.414880629,Small
ListNet,Zulko_moviepy,0.244094488,0.244094488,0.199753191,0.207208184,0.195518081,0.180384487,0.186221944,0.175760574,0.180595592,0.232726747,0.219265377,0.220582894,0.221735996,0.217009174,0.218164425,0.229299055,0.220931254,0.248798386,0.240348376,0.240469519,Small
ListNet,adobe_react-spectrum,0.023622047,0.401336599,0.42356314,0.393389517,0.373801252,0.441298685,0.446316489,0.450285988,0.453524975,0.424671359,0.45794949,0.446601616,0.436669864,0.427885662,0.430793582,0.423313064,0.445106451,0.437916294,0.439891147,0.425665819,Medium
ListNet,aseprite_aseprite,0.492063492,0.320128911,0.360471532,0.307872414,0.273725851,0.352010328,0.364842761,0.354729001,0.364446207,0.344289414,0.338146935,0.346314272,0.334778977,0.341953409,0.337523619,0.364067223,0.368904288,0.357411979,0.361985187,0.366191697,Medium
ListNet,dubzzz_fast-check,0.05511811,0.05511811,0.069898543,0.062118189,0.06946463,0.074708099,0.078684839,0.072406219,0.084554153,0.080677604,0.082842781,0.131510267,0.130853076,0.13601851,0.135254681,0.132043829,0.13151727,0.135544134,0.134952022,0.162926195,Medium
ListNet,education_classroom,1,1,1,0.850553301,0.803517618,0.716907133,0.661400804,0.647888611,0.609908511,0.602411118,0.573993366,0.596598729,0.616383125,0.633881562,0.611584197,0.606795332,0.602459539,0.589426301,0.603370732,0.616197045,Medium
ListNet,esphome_esphome,0.492063492,0.301707349,0.256985969,0.232460389,0.233199709,0.233727394,0.222492623,0.204738927,0.225068795,0.225897547,0.241293105,0.254599836,0.253790385,0.247282162,0.25772265,0.267112042,0.266015477,0.265016776,0.259789634,0.267300974,Medium
ListNet,ethereum_mist,1,0.658838469,0.738888393,0.614660908,0.566040712,0.612816817,0.556667204,0.59204274,0.550152305,0.530680666,0.49998506,0.474707616,0.452584593,0.477554595,0.467596983,0.44980813,0.442034073,0.427067559,0.429410871,0.423418056,Medium
ListNet,FaridSafi_react-native-gifted-chat,0,0.191903361,0.146875279,0.205583349,0.210636206,0.214242646,0.286238012,0.343192321,0.322809411,0.36589281,0.358847757,0.339806073,0.335111998,0.31982608,0.32734299,0.324007452,0.330509547,0.322912066,0.32879284,0.321979725,Medium
ListNet,FormidableLabs_victory,0.244094488,0.158804105,0.127085073,0.105718573,0.09184776,0.084493768,0.087573892,0.10006338,0.101340299,0.096395803,0.104938983,0.105637895,0.124785888,0.124481382,0.143412718,0.161162774,0.157954397,0.17409435,0.175277791,0.174131161,Medium
ListNet,Genymobile_scrcpy,1,0.634469788,0.49853108,0.582841814,0.513601784,0.458241082,0.421304761,0.46748148,0.505160233,0.536642329,0.508790029,0.483045363,0.459354905,0.440915904,0.424460739,0.408400237,0.39385921,0.415540744,0.401427616,0.420784424,Medium
ListNet,hibernate_hibernate-orm,0.496062992,0.313297886,0.26749918,0.305927051,0.396992946,0.461990567,0.424710697,0.392706013,0.400019115,0.374569584,0.4107457,0.415272926,0.400698891,0.428035625,0.414816593,0.400404465,0.386165604,0.374324102,0.363482818,0.351728405,Medium
ListNet,ipfs_js-ipfs,0.111111111,0.111111111,0.319679434,0.434060054,0.408348476,0.376309511,0.346193102,0.357832762,0.335883355,0.378134979,0.414104866,0.445194457,0.428809687,0.454864165,0.445618471,0.437303586,0.424976553,0.409775228,0.412570007,0.415140691,Medium
ListNet,LuckSiege_PictureSelector,0.244094488,0.244094488,0.192362975,0.201060467,0.206706749,0.184426003,0.212979881,0.20877866,0.238737674,0.23426007,0.242702234,0.236703599,0.233059105,0.227959245,0.223241802,0.229951564,0.227113416,0.244817513,0.239426992,0.236705898,Medium
ListNet,psf_black,0.023622047,0.10891243,0.140631462,0.285114977,0.378911522,0.364379708,0.422618699,0.408373442,0.39674976,0.373011081,0.409277344,0.4406231,0.430984559,0.456939831,0.438457829,0.460957277,0.452761887,0.445297896,0.438464367,0.432178777,Medium
ListNet,pygame_pygame,0.05511811,0.05511811,0.0541282,0.053463653,0.132974673,0.13140499,0.130127396,0.129058114,0.128144174,0.13327015,0.132316176,0.131467169,0.163998971,0.193439849,0.220260226,0.228826295,0.236714648,0.258526175,0.257968017,0.254123632,Medium
ListNet,google_orbit,0.244094488,0.244094488,0.244094488,0.37118302,0.354508359,0.342606941,0.333580694,0.386757315,0.359392007,0.336527204,0.331180715,0.326559624,0.310543846,0.307512802,0.304807864,0.332662298,0.357881439,0.353811303,0.350084959,0.346657408,Medium
ListNet,PyGithub_PyGithub,0.023622047,0.023622047,0.018079385,0.019011259,0.019616218,0.017501802,0.020948413,0.019276844,0.026269876,0.028105224,0.084321515,0.081100594,0.07982631,0.077262589,0.074974696,0.074179098,0.07345877,0.072802728,0.104293394,0.102703149,Medium
ListNet,stellar_stellar-core,1,0.803503336,0.730427289,0.775749885,0.805172639,0.771422869,0.745826442,0.725577544,0.70905508,0.727565225,0.699253325,0.668044496,0.646958082,0.617447506,0.612099588,0.587574444,0.583965021,0.564780033,0.553684744,0.535779526,Medium
ListNet,Tencent_wepy,0.118110236,0.081557215,0.119694857,0.140609861,0.125260466,0.138069484,0.147784073,0.137876621,0.198876817,0.2017536,0.20420268,0.206319475,0.19735927,0.193744376,0.195891924,0.192775426,0.189953779,0.18738395,0.181019775,0.183059504,Medium
ListNet,the1812_Bilibili-Evolved,0.118110236,0.459271767,0.379221843,0.319435725,0.408729214,0.37740364,0.353645766,0.32982489,0.310387803,0.294147344,0.280321426,0.318510023,0.30559224,0.297040369,0.289408587,0.282545134,0.276331028,0.270671502,0.262280891,0.286137467,Medium
ListNet,zyedidia_micro,0.111111111,0.068127466,0.078213121,0.161592455,0.224594051,0.241372878,0.233116233,0.226126117,0.262220529,0.271722111,0.269898196,0.263482661,0.257687087,0.282011824,0.288272174,0.309236725,0.328621667,0.346620806,0.337721769,0.331784868,Medium
ListNet,ansible_awx,1,1,1,0.841139336,0.861982662,0.775011414,0.70905087,0.732267022,0.684354835,0.644322299,0.610241578,0.580784836,0.555004058,0.532202083,0.511853352,0.493553229,0.476984471,0.461894396,0.448078937,0.435371255,Large
ListNet,apache_airflow,0.496062992,0.304159631,0.467431172,0.556970657,0.483893279,0.539523986,0.535541853,0.572603077,0.53208811,0.561857033,0.587200078,0.609104648,0.603560637,0.598657201,0.615775397,0.631170218,0.608210564,0.604199068,0.583678483,0.597141609,Large
ListNet,apache_tvm,0.483870968,0.483870968,0.483870968,0.57064647,0.559261084,0.509410013,0.554360538,0.548735856,0.580665393,0.607343792,0.577811449,0.572826648,0.568463909,0.564605256,0.561161753,0.542555022,0.559842176,0.557124701,0.554636764,0.552348319,Large
ListNet,apple_cups,0.007874016,0.391680738,0.305319681,0.422114572,0.367764107,0.330669326,0.302535982,0.317978381,0.330578893,0.311050057,0.321751566,0.357741738,0.341355185,0.348412082,0.354709734,0.380564737,0.403973612,0.407267631,0.410283413,0.42935384,Large
ListNet,argoproj_argo-workflows,0.023622047,0.023622047,0.023622047,0.039508114,0.049821111,0.05039207,0.047939255,0.123908503,0.119041186,0.112970545,0.107802454,0.10834942,0.104194054,0.104828832,0.101365175,0.097303752,0.098090043,0.095426338,0.092987628,0.091762993,Large
ListNet,Automattic_mongoose,0.023622047,0.10891243,0.31799665,0.305571661,0.396684185,0.407396143,0.372232671,0.422325075,0.394114539,0.370543515,0.406952507,0.411681013,0.440534506,0.420439808,0.445159386,0.467390321,0.449727326,0.442371881,0.43135889,0.421228964,Large
ListNet,facebook_hhvm,1,0.622285448,0.481815449,0.404780521,0.482876339,0.433373707,0.395830029,0.444039493,0.414292537,0.451555708,0.483278796,0.458887843,0.485426127,0.508898082,0.488199941,0.468639114,0.45182162,0.436505007,0.429970114,0.416829512,Large
ListNet,neo4j_neo4j,0,0.094428638,0.072271963,0.060121056,0.183437945,0.271454479,0.268947607,0.247487057,0.229975922,0.215344673,0.202888717,0.19212275,0.18270029,0.196994127,0.188591874,0.181035517,0.174194063,0.176694387,0.170693265,0.173066935,Large
ListNet,fish-shell_fish-shell,0.023622047,0.060175068,0.046055629,0.042283926,0.101822043,0.093392932,0.089885984,0.122296691,0.14874281,0.139279675,0.159916719,0.151430993,0.193048178,0.18424241,0.219036351,0.250327413,0.278658045,0.304460301,0.310967758,0.302694018,Large
ListNet,kubernetes_ingress-nginx,0.023622047,0.014483792,0.016627986,0.017803881,0.022699697,0.02619405,0.02884423,0.028427528,0.026416117,0.032249769,0.033572519,0.034715801,0.035716411,0.036601407,0.037391187,0.036839496,0.036339999,0.037011689,0.037626642,0.037173758,Large
ListNet,Kunena_Kunena-Forum,0.244094488,0.244094488,0.421459676,0.350600699,0.304600107,0.379556674,0.367144891,0.377431851,0.367997465,0.344585176,0.353346948,0.347549641,0.34247579,0.337988191,0.323572215,0.330483446,0.327218749,0.324245411,0.313232971,0.303103552,Large
ListNet,languagetool-org_languagetool,1,1,0.765360637,0.804809975,0.830419897,0.766573723,0.718151647,0.700111047,0.685390484,0.673090868,0.640584862,0.606593248,0.625887473,0.60819858,0.624909813,0.639938644,0.653545605,0.638685029,0.625079683,0.637203966,Large
ListNet,linkerd_linkerd2,1,0.634469788,0.601994106,0.510049192,0.574333226,0.620215488,0.60883996,0.562142767,0.557467242,0.585621525,0.565866934,0.535840107,0.51535298,0.51447308,0.497567291,0.479839571,0.470930606,0.456057076,0.448858131,0.442236424,Large
ListNet,loomio_loomio,0.244094488,0.195357127,0.149518655,0.165419457,0.143715584,0.128224603,0.138841233,0.207556999,0.192871146,0.196130015,0.198904374,0.18834983,0.228156369,0.217749163,0.251113964,0.260928397,0.255531203,0.282160702,0.289425526,0.296107829,Large
ListNet,microsoft_onnxruntime,0.238095238,0.238095238,0.238095238,0.366192409,0.382707334,0.449244788,0.499707979,0.478832711,0.515708299,0.482898531,0.512808689,0.491493248,0.479065606,0.457213336,0.480364439,0.470657379,0.490661593,0.481627345,0.499232983,0.486681785,Large
ListNet,yuzu-emu_yuzu,1,1,1,1,1,0.91787493,0.925399676,0.870556535,0.879715406,0.838895025,0.848213652,0.856267952,0.863317141,0.869551842,0.842618762,0.81839717,0.825260063,0.831510475,0.811356145,0.817456564,Large
ListNet,microsoft_vscode,0.118110236,0.093741555,0.084678975,0.238569644,0.338473173,0.304535636,0.281682644,0.259205908,0.24476552,0.232700003,0.222428319,0.263688921,0.251915091,0.245811669,0.237678149,0.229101511,0.258234283,0.284767094,0.27589775,0.299313979,Large
ListNet,Homebrew_homebrew-cask,1,1,1,1,1,1,1,0.959788579,0.962633769,0.965011038,0.967034868,0.942043496,0.944885912,0.947399906,0.928149346,0.910836836,0.914206372,0.899249468,0.902671287,0.889522269,Large
ListNet,phalcon_cphalcon,1,0.634469788,0.491140864,0.449605565,0.393714365,0.377586965,0.345154772,0.319498216,0.296891877,0.293532866,0.305247603,0.302002611,0.299162567,0.296650672,0.286348752,0.277083977,0.268695738,0.267815756,0.267010104,0.260157879,Large
ListNet,vespa-engine_vespa,0.496062992,0.496062992,0.496062992,0.496062992,0.496062992,0.550381936,0.591578391,0.583956784,0.577737792,0.572541577,0.568117906,0.564294427,0.560948087,0.557988395,0.555347134,0.533095904,0.531696405,0.512677732,0.512113441,0.511594397,Large
LambdaRank,alibaba_BizCharts,0.118110236,0.07241896,0.112700796,0.093752689,0.08145186,0.098982972,0.112278879,0.103319638,0.096009178,0.121460917,0.128554282,0.12298622,0.116954489,0.111619685,0.106858848,0.122453186,0.117825598,0.113611,0.118042648,0.114225351,Small
LambdaRank,AmruthPillai_Reactive-Resume,0.05511811,0.079486791,0.073768939,0.081223932,0.102593376,0.117845661,0.112098222,0.10755152,0.170697391,0.163344146,0.157084141,0.151673476,0.150027402,0.148571521,0.184886908,0.18221135,0.213116134,0.241262811,0.233871016,0.227071924,Small
LambdaRank,apache_kylin,1,0.613147193,0.703918089,0.753697611,0.654808658,0.692016541,0.628610218,0.658245094,0.611670462,0.636376293,0.599567046,0.620815382,0.639412098,0.655860083,0.670538443,0.653452009,0.66654829,0.642705992,0.65484087,0.666002727,Small
LambdaRank,asynkron_protoactor-dotnet,0.496062992,0.496062992,0.496062992,0.453700148,0.394172385,0.36441588,0.422651557,0.428509389,0.398189881,0.372856727,0.409131918,0.40037447,0.38344173,0.388578877,0.382416285,0.386969795,0.3910925,0.394847274,0.415400248,0.418008744,Small
LambdaRank,aws_chalice,0.244094488,0.14966585,0.171822526,0.162792011,0.148664648,0.135186412,0.168251889,0.234620846,0.221919993,0.239361187,0.25420932,0.24113793,0.235104165,0.22438004,0.214809714,0.215983074,0.207820928,0.218131289,0.219013085,0.244268867,Small
LambdaRank,open-mmlab_mmsegmentation,1,0.613147193,0.482211604,0.401138555,0.34850714,0.31094185,0.284616045,0.341699778,0.319193946,0.362507364,0.34472737,0.379498367,0.363589475,0.352392097,0.380014067,0.369520302,0.393346554,0.379276627,0.370406558,0.359192139,Small
LambdaRank,otya128_winevdm,0.238095238,0.145987427,0.227190494,0.271722939,0.300632738,0.321266897,0.336916211,0.389826676,0.39706052,0.386947023,0.393027165,0.382480748,0.398176477,0.388552106,0.384798544,0.386985298,0.383571918,0.396125691,0.397847591,0.409254511,Small
LambdaRank,remotion-dev_remotion,0.492063492,0.492063492,0.492063492,0.428014907,0.436418406,0.442416343,0.401879749,0.409075919,0.396978051,0.386869801,0.39295441,0.398213475,0.402816252,0.384442048,0.38903235,0.373444896,0.363531126,0.35052769,0.352795254,0.346989107,Small
LambdaRank,capistrano_capistrano,0.023622047,0.401336599,0.307167235,0.423651501,0.49927135,0.448001514,0.406953176,0.454275074,0.423803892,0.460461942,0.43519427,0.465164786,0.443509781,0.445906962,0.429238917,0.452107741,0.472812958,0.455900534,0.474379939,0.475081132,Small
LambdaRank,Shopify_shopify_app,0.492063492,0.320128911,0.360471532,0.467993877,0.471151933,0.425499681,0.43159862,0.416158107,0.42152885,0.397740414,0.403196245,0.382643555,0.388009942,0.392756278,0.396991959,0.382993549,0.370319521,0.365589885,0.367601309,0.365267713,Small
LambdaRank,StackExchange_StackExchange.Redis,0.118110236,0.118110236,0.325036289,0.274360255,0.270389233,0.294714416,0.290076343,0.286407242,0.301241594,0.282076366,0.268948658,0.281000118,0.31626272,0.347450956,0.332631372,0.359370994,0.345790123,0.337646059,0.32617849,0.347968726,Small
LambdaRank,tensorflow_tensor2tensor,0.047619048,0.047619048,0.271085108,0.393635773,0.356567103,0.425922191,0.391259997,0.363839326,0.338095598,0.380206477,0.416056545,0.399875101,0.404396385,0.391018366,0.416992836,0.402193046,0.3869939,0.390752218,0.381254688,0.384838055,Small
LambdaRank,ThePhD_sol2,0.244094488,0.158804105,0.237938316,0.366061869,0.35005913,0.325057554,0.297438392,0.29318184,0.343193297,0.328873335,0.311217005,0.295956237,0.293412731,0.302656492,0.300158688,0.29791235,0.295878536,0.2895198,0.279686757,0.274461648,Small
LambdaRank,the-tcpdump-group_tcpdump,1,1,1,0.841139336,0.861982662,0.769070279,0.790229318,0.806967872,0.784969561,0.798649967,0.810296446,0.780251842,0.753956561,0.765179674,0.775195302,0.784202607,0.773313618,0.781422144,0.755684763,0.7635855,Small
LambdaRank,vcmi_vcmi,0.244094488,0.244094488,0.244094488,0.244094488,0.219299828,0.23472229,0.222927069,0.235145583,0.225381684,0.235607202,0.22720058,0.227564595,0.235883769,0.228868655,0.250635773,0.270779401,0.269940303,0.263304634,0.262709916,0.256749968,Small
LambdaRank,vernesong_OpenClash,0.244094488,0.195357127,0.149518655,0.144238035,0.157339709,0.142926395,0.140652603,0.148906701,0.173470008,0.16243371,0.156226366,0.154203794,0.152433623,0.191094818,0.225596488,0.256624703,0.256151178,0.251213481,0.250971697,0.246675184,Small
LambdaRank,wiremock_wiremock,0.05511811,0.420648322,0.379221843,0.356503214,0.325224844,0.397958288,0.453120627,0.436441483,0.413917713,0.403113426,0.39391546,0.385965449,0.368194694,0.397014086,0.422732825,0.415575279,0.409094904,0.430231461,0.416421669,0.403719201,Small
LambdaRank,XTLS_Xray-core,0.015873016,0.101840306,0.133811077,0.119319823,0.118242799,0.131161592,0.140959435,0.130978221,0.12508008,0.120151948,0.141664037,0.187210267,0.227072695,0.21671492,0.20814855,0.200444599,0.193469515,0.188252473,0.202056611,0.198731254,Small
LambdaRank,zeromicro_go-zero,0.496062992,0.691012438,0.586147895,0.571002142,0.511580425,0.509907814,0.508639276,0.487530047,0.488133802,0.488638263,0.489067724,0.489438917,0.489763787,0.513037884,0.512313865,0.511662738,0.511073213,0.538264636,0.546322137,0.553980655,Small
LambdaRank,Zulko_moviepy,0.05511811,0.225698876,0.23001521,0.200610192,0.181520892,0.188265647,0.193380989,0.182348367,0.177803149,0.174005439,0.167128764,0.158678164,0.156688552,0.154928827,0.148320756,0.152158145,0.146407987,0.149902213,0.148822453,0.176348081,Small
LambdaRank,adobe_react-spectrum,0,0.094428638,0.188667867,0.197986608,0.237095743,0.237850132,0.261509,0.280225128,0.277668677,0.260003177,0.273657337,0.272088632,0.270715688,0.269501379,0.279164754,0.277759585,0.276487359,0.275328672,0.282825535,0.27367944,Medium
LambdaRank,aseprite_aseprite,0.492063492,0.688560156,0.642454304,0.57447041,0.499096976,0.498338842,0.544303769,0.580665839,0.574396713,0.569158609,0.564699276,0.560844974,0.545016049,0.565769849,0.551793772,0.549400544,0.547233738,0.545260309,0.543453571,0.558217502,Medium
LambdaRank,dubzzz_fast-check,0.023622047,0.023622047,0.07535356,0.082542135,0.202917265,0.186986119,0.180675336,0.175682983,0.171609379,0.224312243,0.218169312,0.212859837,0.208212941,0.209849655,0.222057313,0.21789244,0.214121603,0.207307473,0.204278041,0.199454464,Medium
LambdaRank,education_classroom,0.111111111,0.068127466,0.108008596,0.257976913,0.35533411,0.329009519,0.309044481,0.303383119,0.316733342,0.311730324,0.351541185,0.358997778,0.353068238,0.382577614,0.376415108,0.401400436,0.390430208,0.39406561,0.384455545,0.37202291,Medium
LambdaRank,esphome_esphome,0.492063492,0.39381516,0.416868086,0.386811448,0.40062105,0.410477554,0.38304797,0.391746814,0.434784231,0.438428382,0.419495712,0.423346406,0.408033151,0.394489243,0.39865101,0.392217982,0.395991211,0.385801107,0.389410127,0.384516862,Medium
LambdaRank,ethereum_mist,0.118110236,0.093741555,0.071746097,0.068950474,0.091930258,0.135491384,0.145442192,0.213631238,0.215786688,0.217587653,0.208190097,0.200067576,0.191413989,0.205310357,0.206964589,0.200880519,0.194181802,0.195967169,0.197601731,0.199105227,Medium
LambdaRank,FaridSafi_react-native-gifted-chat,0,0.021322596,0.13271538,0.119669142,0.135994379,0.127276795,0.115615002,0.145972674,0.206400027,0.193268694,0.239931608,0.240152504,0.228374474,0.263571676,0.262740929,0.261993817,0.26131739,0.253941683,0.262164918,0.254450849,Medium
LambdaRank,FormidableLabs_victory,0.244094488,0.14966585,0.171822526,0.183973433,0.19186162,0.171181019,0.160546703,0.149620863,0.140705721,0.195374701,0.190905573,0.182028939,0.174260038,0.167388783,0.163769336,0.160375736,0.157183027,0.156299941,0.162508546,0.177474137,Medium
LambdaRank,Genymobile_scrcpy,0,0.386852807,0.301624573,0.254884693,0.221442527,0.197573425,0.181635052,0.246936106,0.229463954,0.216368129,0.20521932,0.197254438,0.188738818,0.180129619,0.17479759,0.168740402,0.162363589,0.156555876,0.152041006,0.179462551,Medium
LambdaRank,hibernate_hibernate-orm,0.023622047,0.401336599,0.320100113,0.26628247,0.263371294,0.234982725,0.258904321,0.318039708,0.299436491,0.344006893,0.324108863,0.309835297,0.318968641,0.306933269,0.315000088,0.303325372,0.292755195,0.3180532,0.308053351,0.298855328,Medium
LambdaRank,ipfs_js-ipfs,1,0.705255004,0.774413782,0.652219574,0.581223396,0.53055039,0.527024011,0.564764912,0.595560302,0.564739262,0.53482802,0.55951163,0.537520292,0.53544681,0.555261074,0.533013292,0.514669917,0.5002347,0.499957179,0.487382561,Medium
LambdaRank,LuckSiege_PictureSelector,0.05511811,0.04293377,0.149255722,0.133428597,0.11902142,0.132502941,0.1203623,0.125217782,0.122279563,0.13525293,0.132383226,0.128312559,0.124589133,0.124218469,0.12096909,0.142909612,0.140633883,0.137412458,0.145221351,0.142141755,Medium
LambdaRank,psf_black,0.118110236,0.081557215,0.090133993,0.074979987,0.080638894,0.084677899,0.087741151,0.090164438,0.154540546,0.152222821,0.150249682,0.148544254,0.147051649,0.185958339,0.183064461,0.180461924,0.211432819,0.208094689,0.205038521,0.230746217,Medium
LambdaRank,pygame_pygame,0.244094488,0.158804105,0.169270898,0.163333122,0.190947156,0.185215368,0.236509845,0.225888559,0.220043587,0.220885164,0.254427047,0.263941512,0.255838929,0.250742148,0.243987738,0.239800039,0.234041006,0.228713841,0.249784812,0.269423767,Medium
LambdaRank,google_orbit,1,0.613147193,0.526552901,0.479063864,0.54741333,0.514718849,0.467557506,0.449726377,0.488661406,0.457572382,0.431105502,0.421182061,0.400525625,0.427870262,0.452272914,0.434151584,0.455535376,0.447972178,0.441047822,0.426785089,Medium
LambdaRank,PyGithub_PyGithub,0.023622047,0.10891243,0.085204841,0.070879561,0.062612913,0.056712654,0.053680712,0.058821836,0.071930944,0.067855592,0.06438614,0.087292384,0.084169739,0.125944746,0.122923827,0.117998608,0.118002826,0.1225131,0.119154435,0.11708361,Medium
LambdaRank,stellar_stellar-core,0,0.190356143,0.145691099,0.28932395,0.251363179,0.277308062,0.296985124,0.312551312,0.325252833,0.335865458,0.344900258,0.339232819,0.322595498,0.307880513,0.294748699,0.302654559,0.29121704,0.298401277,0.304978682,0.295116193,Medium
LambdaRank,Tencent_wepy,0.496062992,0.398588269,0.362337947,0.321276543,0.344209413,0.360577582,0.327539501,0.320881044,0.315447953,0.302893172,0.314066492,0.303668385,0.294567879,0.283645532,0.27658507,0.266449538,0.265604726,0.264835309,0.259852044,0.255268356,Medium
LambdaRank,the1812_Bilibili-Evolved,0.118110236,0.093741555,0.084678975,0.09029969,0.20965699,0.192999375,0.266941166,0.25506527,0.245374913,0.231266821,0.275731848,0.267367909,0.260047721,0.253573334,0.247795521,0.242599389,0.23789486,0.230230365,0.226422397,0.222919767,Medium
LambdaRank,zyedidia_micro,0.492063492,0.320128911,0.271085108,0.337018394,0.38683772,0.493319334,0.478044237,0.453535399,0.479023167,0.545606342,0.543154017,0.560083566,0.543976745,0.558920101,0.572599512,0.562384427,0.574665266,0.586068164,0.583444384,0.593708233,Medium
LambdaRank,ansible_awx,0.244094488,0.244094488,0.199753191,0.207208184,0.212047855,0.19513253,0.188075328,0.182492496,0.186851192,0.174963572,0.222685289,0.223821334,0.26188821,0.25532987,0.254850656,0.249371844,0.244411379,0.239893613,0.23361803,0.226063222,Large
LambdaRank,apache_airflow,0.496062992,0.691012438,0.52887372,0.608083021,0.528299441,0.579143645,0.617704796,0.648209865,0.673101044,0.661837743,0.681397708,0.671563217,0.638627097,0.609496533,0.583500102,0.579996737,0.595868943,0.575399787,0.589820605,0.603085106,Large
LambdaRank,apache_tvm,0.483870968,0.683536933,0.636687438,0.56760703,0.522761059,0.518569129,0.491744618,0.470524205,0.437231907,0.440199121,0.42779823,0.417079858,0.420355559,0.411481327,0.414568912,0.417345654,0.410107259,0.398899398,0.385351464,0.388537417,Large
LambdaRank,apple_cups,0.496062992,0.304159631,0.349187713,0.45860718,0.529640667,0.580340302,0.529330744,0.487093042,0.523384164,0.521645969,0.5493149,0.523091135,0.521765568,0.500479745,0.521785435,0.50087893,0.519741051,0.503121582,0.502881849,0.5189578,Large
LambdaRank,argoproj_argo-workflows,0.05511811,0.079486791,0.073768939,0.065337866,0.187970284,0.170255326,0.154655606,0.222109472,0.208065343,0.194828062,0.186746966,0.178091002,0.170515233,0.168124813,0.203606206,0.196394737,0.189865541,0.185045652,0.178760894,0.173743969,Large
LambdaRank,Automattic_mongoose,0,0.386852807,0.353356086,0.462074734,0.53265326,0.501549754,0.477960301,0.459299087,0.42680103,0.401150466,0.435789092,0.413918104,0.442661882,0.468084501,0.453157292,0.475067773,0.475861197,0.467570948,0.468538631,0.485725184,Large
LambdaRank,facebook_hhvm,0.023622047,0.035806388,0.0274048,0.042654881,0.168263422,0.15012645,0.136371047,0.205283921,0.261514662,0.308497681,0.290653573,0.32829391,0.317985671,0.303480959,0.290536797,0.283628139,0.273802334,0.26400848,0.259053296,0.250675955,Large
LambdaRank,neo4j_neo4j,1,0.658838469,0.531962341,0.61065236,0.546028332,0.594961554,0.632073382,0.59106193,0.566511985,0.533976703,0.5609324,0.544119902,0.566478067,0.540638535,0.522616729,0.541744162,0.559061958,0.547795635,0.531062688,0.546227319,Large
LambdaRank,fish-shell_fish-shell,0.023622047,0.023622047,0.13447529,0.115837807,0.231844376,0.206854067,0.279526415,0.261619858,0.313864507,0.325456118,0.306631101,0.303312695,0.29114025,0.277860075,0.308661007,0.296293811,0.287179619,0.277752217,0.27660909,0.26944645,Large
LambdaRank,kubernetes_ingress-nginx,0.05511811,0.420648322,0.379221843,0.315464209,0.40527878,0.367535258,0.336024057,0.311096083,0.289084243,0.274199133,0.272457822,0.258000281,0.245346926,0.236669761,0.227582785,0.21846417,0.247998934,0.239128062,0.264969773,0.288739394,Large
LambdaRank,Kunena_Kunena-Forum,0.244094488,0.244094488,0.244094488,0.37118302,0.354508359,0.342606941,0.35666742,0.328207308,0.322255841,0.333313589,0.342727332,0.337493538,0.332912878,0.363341628,0.3690025,0.36399778,0.368988613,0.364521175,0.386104124,0.381511775,Large
LambdaRank,languagetool-org_languagetool,1,0.803503336,0.67083634,0.598080645,0.650814505,0.688452914,0.716998554,0.739580524,0.687250942,0.674832962,0.6495712,0.641213304,0.633898407,0.650597895,0.6655007,0.658551549,0.652259853,0.646529662,0.658534676,0.640831933,Large
LambdaRank,linkerd_linkerd2,0.244094488,0.170988446,0.130867826,0.112836857,0.130058525,0.118585827,0.112770569,0.143355211,0.141568984,0.164122172,0.183322277,0.176519327,0.192191014,0.194558558,0.188611101,0.200929852,0.202561072,0.204046714,0.231079903,0.255945465,Large
LambdaRank,loomio_loomio,1,0.658838469,0.738888393,0.634518491,0.566763106,0.518403193,0.562529714,0.537120322,0.516387056,0.483534105,0.462397275,0.490924307,0.466847434,0.491166845,0.491375677,0.481467801,0.467736274,0.451005442,0.469651101,0.462356985,Large
LambdaRank,microsoft_onnxruntime,1,1,0.880818101,0.751409161,0.784025542,0.725180176,0.668915825,0.634538695,0.660397188,0.625451175,0.603045751,0.624109496,0.642544655,0.613235394,0.597234802,0.582845069,0.569816741,0.557951129,0.555713369,0.545442141,Large
LambdaRank,yuzu-emu_yuzu,1,0.613147193,0.58473619,0.654553472,0.69987781,0.650102657,0.612352294,0.602753905,0.630861354,0.654346246,0.674339534,0.664667346,0.681113388,0.695659195,0.708640032,0.720314023,0.702090651,0.712746808,0.722502871,0.706837955,Large
LambdaRank,microsoft_vscode,0.244094488,0.195357127,0.384158018,0.402972326,0.481305388,0.482896098,0.530275972,0.527545963,0.560974808,0.526788002,0.525010807,0.550215352,0.529023206,0.550506509,0.532063811,0.515477832,0.53378825,0.516666316,0.533081915,0.548181248,Large
LambdaRank,Homebrew_homebrew-cask,1,1,1,1,1,1,1,1,1,1,1,0.973259386,0.974570851,0.975730786,0.976765924,0.977696849,0.959495582,0.960944417,0.962270872,0.963490968,Large
LambdaRank,phalcon_cphalcon,0,0.009138255,0.019926939,0.020548189,0.020951494,0.045003889,0.051702291,0.127371269,0.189114778,0.178586,0.22609819,0.217025404,0.212174213,0.2050102,0.206677235,0.203128599,0.233242905,0.226871417,0.253129404,0.245707528,Large
LambdaRank,vespa-engine_vespa,0,0.191903361,0.263271183,0.302409896,0.327818166,0.345953133,0.359707016,0.370587478,0.379465594,0.355323693,0.392613029,0.424843051,0.428335959,0.40879769,0.412519756,0.415867104,0.41889776,0.421657945,0.441300341,0.443071272,Large
RankNet,alibaba_BizCharts,0,0,0,0.083401849,0.056890231,0.026310739,0.020134783,0.066424294,0.175830276,0.101225279,0.101417884,0.05259105,0.086966105,0.133505769,0.17444943,0.169702159,0.088829781,0.140865527,0.072320656,0.149157502,Small
RankNet,AmruthPillai_Reactive-Resume,1,1,0.384158018,0.482531419,0.271296724,0.578804803,0.211452853,0.414443802,0.448212223,0.331312321,0.385434019,0.494967313,0.407008726,0.289279181,0.436898504,0.492834002,0.314518246,0.32879923,0.44932851,0.343068243,Small
RankNet,apache_kylin,1,0.14966585,0.52887372,0.558507586,0.829084621,0.934325031,0.732777696,0.724484983,0.883659302,0.709156132,0.52895599,0.68873027,0.762829801,0.667907255,0.666379097,0.664584647,0.749629469,0.76248085,0.788024132,0.714352958,Small
RankNet,asynkron_protoactor-dotnet,0.244094488,0.325482227,0.204149454,0.324699754,0.465535443,0.274025235,0.44077116,0.310884887,0.400125335,0.408337368,0.430528552,0.290113606,0.424459704,0.271751868,0.314992078,0.266841453,0.397322092,0.383116572,0.272123083,0.338117817,Small
RankNet,aws_chalice,0,0.045691276,0.016627986,0.236631489,0.274920662,0.078417339,0.215759841,0.125326806,0.178908814,0.103308423,0.138687867,0.123312403,0.172912714,0.103312815,0.098641037,0.15105023,0.14551197,0.174325692,0.142049358,0.175452339,Small
RankNet,open-mmlab_mmsegmentation,0,0,0.016319475,0.255311081,0.024629722,0.298187892,0.118033961,0.028854515,0.269729759,0.102784715,0.111793787,0.264728138,0.148013061,0.100194222,0.253230799,0.051109978,0.142159689,0.140166938,0.222091195,0.134592745,Small
RankNet,otya128_winevdm,0.238095238,0.145987427,0.238095238,0.145147607,0.20331706,0.199145144,0.200496479,0.200058595,0.21050623,0.304686815,0.216603544,0.247620593,0.221193271,0.267644992,0.359648486,0.363204107,0.276564952,0.324598161,0.355308271,0.345382982,Small
RankNet,remotion-dev_remotion,0.111111111,0.111111111,0.267537353,0.226290121,0.439094957,0.381122734,0.329018694,0.335309588,0.430117836,0.276379831,0.315453222,0.368891202,0.399034052,0.361299723,0.419696745,0.3274363,0.516597318,0.434443019,0.421788912,0.526284016,Small
RankNet,capistrano_capistrano,0.244094488,0.035806388,0.720237564,0.190924834,0.290126742,0.265070649,0.262445137,0.423690512,0.390715702,0.595027658,0.317100453,0.254629947,0.354983169,0.43049251,0.271145792,0.389613653,0.42230008,0.383170334,0.455409478,0.359949497,Small
RankNet,Shopify_shopify_app,0.111111111,0.086549028,0.156864402,0.052670324,0.066017483,0.24733048,0.18251006,0.272676593,0.180864057,0.144693796,0.20574249,0.158636796,0.253268477,0.180250443,0.23501825,0.187571478,0.227456875,0.245351204,0.219528319,0.211801353,Small
RankNet,StackExchange_StackExchange.Redis,1,1,0.379221843,0.679593962,0.547755371,0.442130036,0.693796234,0.556189923,0.559649688,0.742912386,0.537398661,0.41105369,0.375312732,0.40799819,0.377125997,0.474503679,0.421915787,0.255642538,0.415277765,0.5231218,Small
RankNet,tensorflow_tensor2tensor,0.238095238,0.344690994,0.565845459,0.214144044,0.345983686,0.196419688,0.187042857,0.390925035,0.469972962,0.34577245,0.297482584,0.247299517,0.452787902,0.398891679,0.228776567,0.383602316,0.524466314,0.476238309,0.340659299,0.337898622,Small
RankNet,ThePhD_sol2,0.118110236,0.195357127,0.133241246,0.434002548,0.311019686,0.328780906,0.342422824,0.404777926,0.391444704,0.351213427,0.27694977,0.394156553,0.255330169,0.285600119,0.240203388,0.249412308,0.344404933,0.192089751,0.249761813,0.283704234,Small
RankNet,the-tcpdump-group_tcpdump,1,1,1,0.804809975,1,0.793177586,0.910538936,0.832233799,1,0.839659617,0.88968497,0.847488175,0.871311892,0.931508461,0.836830432,0.919503017,0.858731239,0.913895247,0.855791632,0.832330877,Small
RankNet,vcmi_vcmi,0.244094488,0.14966585,0.244094488,0.183973433,0.17200976,0.219193475,0.236628215,0.28837856,0.237668543,0.262452935,0.229532711,0.208148308,0.179625376,0.252848847,0.229930974,0.276312936,0.289981934,0.300020996,0.243130244,0.280712131,Small
RankNet,vernesong_OpenClash,1,0.658838469,0.351508532,0.742775859,0.634778993,0.517263111,0.422189084,0.533868361,0.505369477,0.521119839,0.569857633,0.518158383,0.338928709,0.561783475,0.652959178,0.53672091,0.468237039,0.468406286,0.382620835,0.601335272,Small
RankNet,wiremock_wiremock,0.023622047,0.166847598,0.491140864,0.462382406,0.084089328,0.138193608,0.33941829,0.0760496,0.140788852,0.358025448,0.287222491,0.281245759,0.176718165,0.237508912,0.288075877,0.252882096,0.121535467,0.316736545,0.307841063,0.194071529,Small
RankNet,XTLS_Xray-core,0.492063492,0.492063492,0.432472543,0.263469173,0.378105039,0.361177746,0.479185934,0.310504348,0.284535409,0.343235024,0.347840597,0.250450286,0.325779451,0.327199846,0.318660278,0.399039289,0.258295263,0.361247828,0.311690181,0.332368144,Small
RankNet,zeromicro_go-zero,1,0.386852807,0.174588589,0.33942806,0.154600164,0.132796725,0.204415795,0.511328883,0.274576356,0.33053444,0.34579268,0.402789537,0.355413351,0.377692797,0.401196367,0.277343291,0.275535012,0.239246966,0.282870706,0.360709754,Small
RankNet,Zulko_moviepy,0.496062992,0.616193278,0.50424903,0.565862682,0.65391569,0.569026352,0.226831013,0.183901075,0.373612527,0.302942707,0.483388123,0.33809029,0.334016745,0.445457593,0.286418594,0.350915099,0.33076692,0.447416936,0.296953836,0.227598795,Small
RankNet,adobe_react-spectrum,0.023622047,0.023622047,0.245724687,0.29656297,0.232554806,0.25661195,0.239855962,0.399259105,0.344034299,0.423801167,0.424645188,0.393622325,0.28262816,0.350034964,0.493622558,0.327710598,0.319568072,0.340506255,0.429856725,0.34139776,Medium
RankNet,dubzzz_fast-check,0.244094488,0.398588269,0.290065984,0.189630784,0.346741983,0.269693472,0.318786431,0.350263398,0.034513779,0.303974986,0.396774517,0.365024445,0.611405789,0.241109018,0.348290553,0.315179605,0.242717598,0.463152368,0.554741642,0.225552672,Medium
RankNet,education_classroom,0.492063492,0.301707349,0.492063492,0.26061786,0.386768663,0.364574584,0.475729363,0.467601775,0.418683886,0.341140829,0.498788093,0.480676918,0.441709316,0.417805148,0.428440543,0.458018551,0.381888279,0.457056632,0.372535555,0.378024935,Medium
RankNet,psf_black,0.118110236,0.658838469,0.073768939,0.09483757,0.160839081,0.240480189,0.206123944,0.229480021,0.157663564,0.19155646,0.197037245,0.245440513,0.317717028,0.169137262,0.218378362,0.238689102,0.208297024,0.180356962,0.313836146,0.300312098,Medium
RankNet,FaridSafi_react-native-gifted-chat,0.05511811,0.170988446,0.598824864,0.122677071,0.263387201,0.284007371,0.505575692,0.300216232,0.513926439,0.131062302,0.17162047,0.250946198,0.292806886,0.28270373,0.379669645,0.146527655,0.274948289,0.242585226,0.307205053,0.304297176,Medium
RankNet,LuckSiege_PictureSelector,0.023622047,0.128224153,0.170893481,0.128890718,0.088324684,0.041166222,0.072332459,0.08908799,0.060910466,0.105670432,0.081425078,0.128203272,0.109970857,0.140045958,0.052848211,0.172595062,0.126032446,0.126580969,0.16609849,0.196304943,Medium
RankNet,google_orbit,0.244094488,0.14966585,0.244094488,0.244094488,0.20270092,0.417948248,0.336043405,0.312201581,0.45514827,0.352460442,0.57780112,0.375900557,0.429743887,0.340214056,0.32690018,0.494936702,0.291450207,0.336511541,0.55911818,0.341800461,Medium
RankNet,PyGithub_PyGithub,0.118110236,0.075465045,0.073768939,0.038186421,0.05783277,0.221118526,0.010691445,0.252196372,0.186247773,0.117163275,0.061292223,0.168110095,0.033315679,0.270291476,0.166834583,0.084964661,0.160180999,0.122596128,0.150230696,0.068031714,Medium
RankNet,stellar_stellar-core,0,0.018421562,0.209006483,0.306818493,0.238763257,0.110072868,0.266471043,0.137770547,0.106101918,0.336751992,0.271157704,0.172392433,0.297369305,0.206471611,0.168565295,0.196189643,0.178199634,0.181889672,0.170110329,0.10678554,Medium
RankNet,Tencent_wepy,0.05511811,0.081557215,0.118110236,0.356503214,0.256328321,0.084550345,0.27960839,0.178177945,0.233035584,0.265975925,0.277584611,0.257559577,0.109188011,0.232859828,0.134474985,0.174532426,0.190542987,0.164566864,0.189393227,0.18976952,Medium
RankNet,the1812_Bilibili-Evolved,0.05511811,0.033795515,0.073768939,0.024334228,0.050517604,0.267576454,0.14184881,0.245461127,0.388302945,0.119746259,0.12727047,0.106518392,0.151034885,0.160271103,0.136995878,0.131092911,0.088541057,0.20924525,0.247383978,0.149537123,Medium
RankNet,zyedidia_micro,0.492063492,0.301707349,0.261148563,0.258866226,0.217139761,0.108148457,0.45386915,0.256193566,0.347945575,0.381886117,0.432900678,0.365748633,0.456562538,0.507847958,0.363847385,0.271214576,0.347325461,0.304203641,0.446961724,0.40948541,Medium
RankNet,FormidableLabs_victory,0,0.10891243,0.064268236,0.073320559,0.142476267,0.041703309,0.040441059,0.057890704,0.048587669,0.106516378,0.035839022,0.051089786,0.105287315,0.054126215,0.096033981,0.087773293,0.140655706,0.127839027,0.121300291,0.178845487,Medium
RankNet,aseprite_aseprite,0.492063492,0.33634357,0.313290644,0.25600826,0.435474692,0.42923521,0.335475783,0.411140693,0.310436167,0.386932488,0.383175811,0.338367333,0.459231007,0.308848894,0.361214042,0.468898417,0.38889338,0.412903417,0.528095293,0.370823623,Medium
RankNet,esphome_esphome,0.238095238,0.344690994,0.402677068,0.083744179,0.161093998,0.155706385,0.193797115,0.310060089,0.251719026,0.303288012,0.231450584,0.211323345,0.289800912,0.254476641,0.273013308,0.194422492,0.330550244,0.203548496,0.268071644,0.331688751,Medium
RankNet,ethereum_mist,0,0.07241896,0.012932878,0.04610788,0.025273968,0.168195606,0.010821903,0.042741637,0.043135585,0.023730022,0.035565381,0.154197196,0.071781082,0.038811896,0.055158146,0.12603907,0.209719464,0.088812208,0.044438535,0.092910776,Medium
RankNet,Genymobile_scrcpy,1,0.613147193,0.482211604,0.81556848,0.530834115,0.770906728,0.585309386,0.479821566,0.25247637,0.616351977,0.396001867,0.411485413,0.448441375,0.5772594,0.505102714,0.480640252,0.474231099,0.603153574,0.397660653,0.361778015,Medium
RankNet,pygame_pygame,0.496062992,0.244094488,0.410927427,0.225206258,0.24740953,0.300985716,0.324526866,0.108148682,0.407693946,0.246616565,0.264133846,0.254184157,0.242356621,0.170839991,0.237714767,0.292682099,0.186878123,0.288275942,0.14002086,0.182907898,Medium
RankNet,hibernate_hibernate-orm,0.023622047,0.401336599,0.533546962,0.459980862,0.312286257,0.503591908,0.540864417,0.071420297,0.535065591,0.278411309,0.41653485,0.475875311,0.3400432,0.425929495,0.450826887,0.279036766,0.337564413,0.441631913,0.407454675,0.390609493,Medium
RankNet,ipfs_js-ipfs,0.492063492,0.301707349,0.465554292,0.197364834,0.288078428,0.216143981,0.147166388,0.255719606,0.286706734,0.277473092,0.311770801,0.218317035,0.342685287,0.335274783,0.362781963,0.29187646,0.252899228,0.349850979,0.320448372,0.375027942,Medium
RankNet,ansible_awx,0.05511811,0.613147193,0.778293515,0.192461764,0.797808254,0.2999279,0.047542778,0.308909365,0.385396774,0.317707927,0.452574351,0.47038535,0.210311477,0.442181274,0.355437695,0.493471047,0.412251139,0.341970467,0.340493428,0.416776807,Large
RankNet,apache_airflow,1,1,0.530721274,0.804809975,0.660839795,0.892210845,0.908374556,0.503153986,0.552247932,0.594185374,0.810644719,0.755915305,0.79644903,0.773342529,0.6478745,0.730051783,0.690212884,0.78180558,0.555317332,0.739399431,Large
RankNet,apache_tvm,0,0.225806452,0.225806452,0.153740957,0.19011195,0.176347056,0.045074021,0.154603851,0.126925799,0.139879827,0.250409966,0.182238068,0.252356076,0.215083943,0.289903797,0.281751643,0.233304425,0.186814808,0.289780407,0.239427235,Large
RankNet,argoproj_argo-workflows,0,0.009138255,0.034970304,0.075198713,0.060799777,0.017870221,0.05403148,0.063723464,0.151421369,0.043405057,0.110380841,0.072858116,0.068275502,0.019306883,0.120798208,0.029676576,0.050199472,0.016782083,0.040996885,0.041409361,Large
RankNet,Automattic_mongoose,0.244094488,0.045691276,0.533546962,0.420364758,0.273681345,0.658164719,0.539259276,0.403696796,0.206250118,0.557020347,0.221698924,0.315677787,0.421159569,0.277193503,0.281154383,0.262968271,0.379087412,0.422118414,0.247292292,0.415337855,Large
RankNet,facebook_hhvm,0.023622047,0.206387153,0.297060045,0.229493886,0.199383122,0.323470984,0.397588756,0.113072705,0.408704054,0.205055833,0.151078185,0.416461496,0.221267164,0.362927112,0.197434489,0.404320503,0.144293794,0.322892034,0.301591174,0.260568535,Large
RankNet,neo4j_neo4j,0.05511811,0.613147193,0.042185232,0.446705441,0.177631114,0.438784987,0.314167025,0.171497942,0.378280162,0.126374927,0.209929722,0.523731865,0.312875978,0.345458848,0.529074575,0.472286946,0.180169795,0.273468155,0.3172972,0.52756047,Large
RankNet,fish-shell_fish-shell,0.023622047,0.401336599,0.006994061,0.204979708,0.69180781,0.445311693,0.347002155,0.330433692,0.338374563,0.469745005,0.537528941,0.526638261,0.51042728,0.474116576,0.597373677,0.463735757,0.540322886,0.385198314,0.384978604,0.319589236,Large
RankNet,kubernetes_ingress-nginx,1,0.04293377,0.158581136,0.335321792,0.335008257,0.475932304,0.421091065,0.379739591,0.376313392,0.091053441,0.456418175,0.307250837,0.370018111,0.362230477,0.307686762,0.318794116,0.384812808,0.284872319,0.417112112,0.373427109,Large
RankNet,Kunena_Kunena-Forum,0.496062992,0.304159631,0.11454835,0.617091712,0.209638395,0.196074444,0.42734673,0.399994694,0.19317946,0.116526071,0.240306783,0.338720857,0.241018441,0.34557681,0.124154549,0.14625657,0.27396787,0.360814789,0.284081831,0.226346313,Large
RankNet,languagetool-org_languagetool,0.492063492,0.111111111,0.530721274,0.335067276,0.355586646,0.728286847,0.352221037,0.193681012,0.486781528,0.417255583,0.301679378,0.342333918,0.293462614,0.540177572,0.304680971,0.361660362,0.518541525,0.429480689,0.501048974,0.377590492,Large
RankNet,linkerd_linkerd2,0.05511811,0.079486791,0.111070597,0.193804119,0.334674747,0.44911991,0.138779825,0.163329933,0.346457795,0.219088669,0.070526513,0.199564987,0.191122642,0.243149589,0.30495228,0.303951412,0.205507204,0.337902602,0.314226015,0.367384545,Large
RankNet,loomio_loomio,0.496062992,0.191903361,0.072271963,0.087146885,0.356120296,0.307853834,0.285819939,0.37310562,0.167303268,0.219045004,0.223844364,0.293066743,0.32230715,0.262080474,0.154254738,0.161128775,0.184824866,0.147847652,0.265766191,0.171989912,Large
RankNet,microsoft_onnxruntime,0.492063492,0.344690994,0.642454304,0.681920404,0.55870737,0.58903917,0.467824576,0.680190305,0.429933782,0.56647011,0.530613028,0.511835565,0.553228971,0.427352411,0.584657265,0.552772616,0.555445627,0.575209092,0.612593261,0.578671276,Large
RankNet,yuzu-emu_yuzu,1,1,0.61763418,0.475326271,0.729958816,0.766554282,0.523724728,0.519046411,0.534212889,0.585280077,0.743429983,0.602338361,0.253225073,0.516509959,0.683665319,0.487809039,0.565532559,0.475723201,0.388687936,0.494377623,Large
RankNet,Homebrew_homebrew-cask,1,0.691012438,1,1,0.933880906,0.923753723,1,0.877088095,0.883075455,0.96793913,0.924742711,0.930643066,0.888000253,0.965258001,0.889170977,0.953478702,0.885486285,0.856695528,0.902451922,0.873836505,Large
RankNet,phalcon_cphalcon,0.05511811,0.04293377,0.058988507,0.090220371,0.269941257,0.141916704,0.144889174,0.190408848,0.178302772,0.104350152,0.087702226,0.097099108,0.168234707,0.108986338,0.111959582,0.131332523,0.087330932,0.097101199,0.117030816,0.182749394,Large
RankNet,apple_cups,0.05511811,0.05511811,0.019926939,0.386114859,0.250989656,0.17845909,0.44063799,0.387382609,0.272077155,0.368843452,0.511419295,0.380817223,0.272546654,0.244335158,0.468719207,0.232456443,0.5157028,0.360717009,0.354583135,0.369312854,Large
RankNet,microsoft_vscode,0.05511811,0.021322596,0.307167235,0.641293227,0.206537467,0.026599094,0.33228487,0.431964367,0.155249111,0.429150265,0.325837331,0.165565477,0.339648231,0.203563263,0.270792581,0.352802801,0.518656292,0.310399367,0.235766416,0.441944156,Large
RankNet,vespa-engine_vespa,0.496062992,0.191903361,0.263271183,0.193653096,0.411940579,0.287882713,0.300981693,0.447522437,0.345866078,0.409913384,0.323434997,0.378961817,0.400458577,0.468174782,0.433501102,0.307259569,0.411699867,0.367770683,0.376946618,0.409088036,Large
AdaRank,alibaba_BizCharts,0.496062992,0.349850908,0.295475424,0.265655452,0.23389944,0.22141862,0.211952943,0.204464808,0.198354724,0.193249507,0.188903305,0.185146783,0.176066452,0.169112799,0.17231094,0.165406916,0.16004877,0.154323858,0.149884795,0.145801673,Small
AdaRank,AmruthPillai_Reactive-Resume,0.496062992,0.691012438,0.586147895,0.65572783,0.569693009,0.514227416,0.472161322,0.438883551,0.478585772,0.448137768,0.422216605,0.45287576,0.4797089,0.46321481,0.486109935,0.506700094,0.52534223,0.508522407,0.525214601,0.540568349,Small
AdaRank,apache_kylin,1,1,1,1,1,1,1,1,1,1,1,1,1,1,1,1,1,1,1,1,Small
AdaRank,asynkron_protoactor-dotnet,0.496062992,0.496062992,0.392599966,0.335859973,0.291793439,0.260341271,0.328112831,0.341514336,0.352449544,0.361586345,0.340671485,0.328861627,0.337061844,0.344314579,0.350786999,0.356607807,0.361877913,0.350905176,0.355835213,0.346110535,Small
AdaRank,aws_chalice,0.023622047,0.023622047,0.019926939,0.057615677,0.051089318,0.048128644,0.044440296,0.041522507,0.039141682,0.036651457,0.048650367,0.046486635,0.044592919,0.042558842,0.040743609,0.041319556,0.040650755,0.039478338,0.046427775,0.045690276,Small
AdaRank,open-mmlab_mmsegmentation,0.118110236,0.459271767,0.586147895,0.487600294,0.554829737,0.495025109,0.451832594,0.420176945,0.390447005,0.373120725,0.351538694,0.339152185,0.325222029,0.356001592,0.383469608,0.408172282,0.392747177,0.382923469,0.36991813,0.359738035,Small
AdaRank,otya128_winevdm,0,0,0,0,0.014578342,0.013006955,0.011815187,0.010872399,0.010103115,0.009460346,0.008913142,0.008673968,0.008453498,0.032420288,0.042832536,0.046871187,0.05612579,0.06483697,0.06799581,0.066707726,Small
AdaRank,remotion-dev_remotion,0.111111111,0.454980273,0.463681456,0.385723835,0.399676138,0.356595385,0.334102779,0.346707182,0.322175651,0.33298405,0.342185515,0.377091392,0.358597337,0.387854506,0.381466928,0.366182599,0.356543276,0.379559594,0.373105009,0.374927946,Small
AdaRank,capistrano_capistrano,0.023622047,0.023622047,0.252718748,0.214201284,0.251182971,0.277578382,0.297597131,0.313433623,0.326355703,0.337152615,0.346344301,0.354288885,0.338071673,0.368265108,0.353565287,0.379466145,0.383872418,0.387885453,0.408674874,0.396222923,Small
AdaRank,Shopify_shopify_app,0.047619048,0.219553629,0.22390422,0.186259755,0.193060834,0.17225097,0.17828398,0.183056592,0.173473605,0.177584885,0.181084921,0.184110083,0.186757729,0.189099456,0.191189239,0.185436777,0.179028849,0.181141641,0.179706934,0.18471273,Small
AdaRank,StackExchange_StackExchange.Redis,0.118110236,0.166847598,0.155411894,0.129282875,0.112320306,0.153683605,0.161967543,0.228837956,0.229917444,0.246849833,0.246690459,0.246552708,0.235619305,0.236005895,0.236350892,0.236661157,0.246464127,0.246379365,0.246301763,0.239100682,Small
AdaRank,tensorflow_tensor2tensor,1,0.803503336,0.730427289,0.626303186,0.55870737,0.510461348,0.508775636,0.468178119,0.469868147,0.447043741,0.449647772,0.451898494,0.432071029,0.423222948,0.405171514,0.408653036,0.402207542,0.405421672,0.395425918,0.384178438,Small
AdaRank,ThePhD_sol2,0.118110236,0.118110236,0.118110236,0.118110236,0.118110236,0.111320368,0.111942493,0.112434645,0.112836226,0.113171763,0.106625687,0.107235096,0.104679073,0.100981709,0.096674606,0.092801121,0.089294104,0.103844146,0.10111954,0.098613403,Small
AdaRank,the-tcpdump-group_tcpdump,0.244094488,0.341569211,0.377819534,0.397699515,0.410605303,0.372287639,0.38362861,0.353017142,0.36313846,0.371595224,0.407943383,0.439359924,0.466855933,0.491174957,0.491383443,0.491570939,0.491740697,0.474996187,0.475711685,0.492666273,Small
AdaRank,vcmi_vcmi,0,0,0.116395904,0.096826548,0.149208396,0.197313416,0.199362777,0.190311914,0.182409633,0.175415407,0.169156469,0.163504574,0.158361932,0.153652294,0.149315072,0.14530134,0.141571032,0.138090935,0.134833217,0.142937495,Small
AdaRank,vernesong_OpenClash,0,0.045691276,0.062683615,0.072002356,0.094581718,0.084386834,0.087476756,0.08992114,0.085230098,0.081310545,0.083439111,0.080265014,0.082121093,0.083762715,0.080190042,0.0817094,0.07951424,0.077514987,0.074882324,0.07628024,Small
AdaRank,wiremock_wiremock,0.023622047,0.060175068,0.051598291,0.211050734,0.314564883,0.283204401,0.262305893,0.241375315,0.232653601,0.281472784,0.323033801,0.318845012,0.31517895,0.311936478,0.299639203,0.288579956,0.28689882,0.276636507,0.271252434,0.266300077,Small
AdaRank,XTLS_Xray-core,1,0.705255004,0.595640934,0.535527657,0.529824938,0.474426495,0.430956956,0.435832924,0.408364556,0.385413643,0.365874944,0.347302649,0.335718881,0.325473542,0.31633049,0.313195819,0.310357718,0.303230707,0.29807413,0.293168559,Small
AdaRank,zeromicro_go-zero,0.244094488,0.341569211,0.261423629,0.258510123,0.224592283,0.20038367,0.182023427,0.167498952,0.155647436,0.161274507,0.151946075,0.143883299,0.148798052,0.142010725,0.13595364,0.140286546,0.153731578,0.15095368,0.148319466,0.145815691,Small
AdaRank,Zulko_moviepy,0.023622047,0.017529877,0.070690853,0.062777291,0.086567028,0.078084774,0.093295488,0.105328425,0.099547228,0.108743439,0.102908954,0.098701721,0.105832358,0.112139096,0.117767298,0.113364177,0.109377632,0.105465216,0.102150699,0.099611216,Small
AdaRank,adobe_react-spectrum,1,0.613147193,0.526552901,0.479063864,0.416208253,0.373891718,0.431259167,0.396847041,0.386038918,0.377008301,0.356567751,0.350599536,0.345376107,0.340756211,0.336633366,0.363212639,0.358711084,0.38164986,0.376978028,0.397125494,Medium
AdaRank,aseprite_aseprite,0.047619048,0.029197485,0.13780407,0.197364834,0.236030794,0.263628342,0.284558814,0.301116554,0.31462715,0.32591579,0.335526098,0.31772194,0.32627234,0.333834797,0.340583615,0.346652997,0.352148157,0.357152901,0.346640114,0.351342858,Medium
AdaRank,dubzzz_fast-check,0.118110236,0.459271767,0.357051194,0.465148593,0.404118736,0.360559119,0.327522729,0.381182743,0.354211868,0.395297418,0.430274596,0.460506166,0.486965081,0.464752482,0.487582022,0.468045954,0.488148855,0.506457667,0.523219986,0.506299946,Medium
AdaRank,education_classroom,0,0.190356143,0.201557614,0.175676302,0.183865983,0.217086332,0.242281237,0.262212497,0.278475779,0.292064397,0.303632735,0.313631513,0.322382524,0.309849365,0.317621218,0.324610639,0.330938795,0.336702193,0.341978773,0.346832256,Medium
AdaRank,esphome_esphome,0.238095238,0.33634357,0.257424129,0.214144044,0.186047259,0.165993382,0.150784164,0.138752412,0.128934879,0.152037408,0.143243267,0.135642292,0.128989856,0.123106067,0.11785531,0.113133172,0.108857793,0.104963972,0.135362336,0.138684542,Medium
AdaRank,ethereum_mist,0.496062992,0.304159631,0.290065984,0.28233691,0.27731931,0.273738034,0.34028211,0.31752758,0.298960598,0.295469973,0.281567552,0.269551374,0.305375467,0.293960139,0.291833254,0.289920493,0.288188698,0.286611457,0.27687719,0.275817054,Medium
AdaRank,FaridSafi_react-native-gifted-chat,0.05511811,0.079486791,0.295475424,0.249769386,0.24902481,0.248493375,0.248090325,0.247771479,0.247511311,0.24729393,0.247108868,0.246948915,0.234837562,0.225203102,0.226008863,0.226733504,0.227389588,0.227987119,0.228534178,0.222926199,Medium
AdaRank,FormidableLabs_victory,0.244094488,0.170988446,0.158581136,0.135890797,0.118061235,0.131646253,0.119584106,0.110041948,0.119526937,0.127452023,0.120079949,0.126660583,0.123151857,0.128668577,0.126916043,0.12921988,0.136443255,0.143259624,0.141491134,0.138962752,Medium
AdaRank,Genymobile_scrcpy,0.05511811,0.033795515,0.031408419,0.030099315,0.15735521,0.142940225,0.132007644,0.123359065,0.116302097,0.108902866,0.102603711,0.097159209,0.093552655,0.090362816,0.086508633,0.083988941,0.081707636,0.079629926,0.077727714,0.075978029,Medium
AdaRank,hibernate_hibernate-orm,1,1,1,1,0.871894255,0.783854645,0.803659059,0.739531455,0.688876741,0.708670648,0.681798656,0.658572582,0.675317534,0.64451336,0.61702338,0.602081147,0.58855259,0.603269981,0.583583233,0.59704944,Medium
AdaRank,ipfs_js-ipfs,1,0.631568755,0.483377865,0.484838158,0.42122493,0.428860558,0.389566019,0.358480778,0.333116198,0.314952645,0.296735169,0.28098939,0.267208557,0.255020011,0.248881965,0.23890995,0.229881382,0.239259584,0.231133542,0.223659079,Medium
AdaRank,LuckSiege_PictureSelector,0,0,0.012932878,0.014730022,0.015896701,0.014183209,0.015048047,0.016391323,0.017573738,0.016957188,0.017961257,0.017408964,0.016903784,0.043940297,0.068949462,0.06722849,0.066760177,0.088137399,0.108215267,0.105920431,Medium
AdaRank,psf_black,0.244094488,0.195357127,0.177231965,0.167291975,0.148441751,0.240230495,0.309844713,0.285120797,0.273303838,0.263430299,0.249559321,0.242584185,0.23647949,0.226770134,0.222135539,0.217967532,0.214193858,0.210756966,0.237562252,0.233699378,Medium
AdaRank,pygame_pygame,0,0,0.006285933,0.016987974,0.056895305,0.060787701,0.063955793,0.066607326,0.088273424,0.089338129,0.090275484,0.091109699,0.089480711,0.103658194,0.103906024,0.104133098,0.102439557,0.102687354,0.113324824,0.123239355,Medium
AdaRank,google_orbit,0,0,0,0.168127536,0.14606835,0.130323766,0.210008237,0.193250727,0.179577125,0.168152286,0.216267982,0.204792066,0.194748252,0.185864936,0.220589673,0.211751252,0.20374903,0.196460968,0.189788508,0.183651072,Medium
AdaRank,PyGithub_PyGithub,0.05511811,0.04293377,0.045792696,0.047360555,0.044245942,0.04202291,0.048994445,0.04948308,0.047653263,0.052135791,0.049575604,0.053212285,0.053305754,0.056261769,0.058899748,0.057486268,0.056206516,0.0584208,0.064726888,0.066453215,Medium
AdaRank,stellar_stellar-core,0,0.190356143,0.145691099,0.203925836,0.177169731,0.18373684,0.16690187,0.172582712,0.160371491,0.15016853,0.14148249,0.133974947,0.127404285,0.12159282,0.116406606,0.111742514,0.107519689,0.103673732,0.100152631,0.096913866,Medium
AdaRank,Tencent_wepy,0.244094488,0.158804105,0.178816587,0.189791599,0.296095055,0.290489958,0.286238953,0.343193186,0.320581687,0.301688881,0.298357509,0.335589049,0.324923027,0.321236085,0.317945818,0.314986799,0.307546701,0.296545817,0.294764398,0.29312582,Medium
AdaRank,the1812_Bilibili-Evolved,0.118110236,0.093741555,0.071746097,0.227811138,0.19792116,0.18252854,0.170854503,0.157221247,0.146096938,0.200422924,0.19201821,0.184753824,0.176851284,0.168784326,0.16259282,0.156078174,0.152262825,0.146816415,0.175793332,0.170872373,Medium
AdaRank,zyedidia_micro,0,0.190356143,0.145691099,0.222966778,0.28135644,0.263148759,0.305223272,0.340843763,0.335478284,0.363964617,0.389229961,0.411863544,0.397545223,0.41728697,0.435358915,0.4519909,0.439306645,0.427529171,0.442226612,0.455970039,Medium
AdaRank,ansible_awx,0.244094488,0.14966585,0.11454835,0.263417155,0.228855487,0.21691835,0.207865012,0.200703071,0.194859153,0.18246206,0.173274443,0.170347243,0.167785333,0.165519435,0.163497324,0.197013682,0.194031867,0.191316166,0.188829852,0.186542901,Large
AdaRank,apache_airflow,0.496062992,0.691012438,0.763513083,0.803273046,0.697879543,0.622655698,0.657230037,0.684581208,0.706898904,0.725546227,0.683579217,0.700369582,0.666020683,0.681254935,0.694850147,0.707076661,0.718146431,0.728228276,0.737458537,0.713610388,Large
AdaRank,apache_tvm,1,0.613147193,0.491985761,0.409269407,0.355571183,0.341583952,0.330975787,0.304565727,0.283015947,0.279376234,0.276277653,0.27359948,0.309225038,0.305419953,0.292393088,0.289725145,0.287309615,0.285109659,0.283095527,0.273940701,Large
AdaRank,apple_cups,0.496062992,0.691012438,0.763513083,0.635145509,0.551811194,0.545802142,0.497957159,0.458222897,0.496556748,0.465466368,0.496384836,0.523108372,0.546497027,0.567183273,0.585643903,0.562178765,0.559680206,0.557404631,0.54248475,0.557280012,Large
AdaRank,argoproj_argo-workflows,0.118110236,0.459271767,0.351508532,0.312267852,0.402501802,0.371847475,0.339941166,0.314700628,0.300790725,0.283157035,0.266778679,0.258889825,0.247351362,0.241456111,0.273809756,0.267571305,0.258352299,0.249956045,0.245478128,0.241359268,Large
AdaRank,Automattic_mongoose,1,0.613147193,0.526552901,0.479063864,0.448234689,0.405860985,0.391039058,0.379313684,0.369746147,0.361752089,0.354946544,0.336111871,0.320786133,0.351768036,0.347175511,0.343045338,0.367872097,0.363444597,0.359391075,0.35566258,Large
AdaRank,facebook_hhvm,0.118110236,0.459271767,0.586147895,0.507457877,0.456373489,0.419912379,0.473063165,0.44473986,0.421628933,0.394804568,0.378800027,0.358699608,0.346900152,0.336464047,0.32211308,0.313939248,0.302075273,0.291270101,0.285389023,0.279979513,Large
AdaRank,neo4j_neo4j,0.244094488,0.14966585,0.11454835,0.095289619,0.213992214,0.190926174,0.265057923,0.243907748,0.22664987,0.275851015,0.259895254,0.259056811,0.246351639,0.235114468,0.235497487,0.235841945,0.226929319,0.227543314,0.228105446,0.253067197,Large
AdaRank,fish-shell_fish-shell,1,0.622285448,0.476272787,0.405465089,0.417351994,0.48015513,0.436160703,0.440940578,0.444840806,0.448099602,0.480022599,0.480873757,0.459993013,0.461638322,0.484600688,0.467392505,0.468475982,0.469462763,0.454320548,0.471966889,Large
AdaRank,kubernetes_ingress-nginx,0.05511811,0.04293377,0.03840248,0.031945965,0.15895957,0.195295663,0.177401611,0.24304047,0.260943271,0.275901773,0.288636328,0.299643093,0.309276303,0.317796457,0.325399936,0.332237934,0.338428993,0.327168412,0.316858981,0.322654132,Large
AdaRank,Kunena_Kunena-Forum,0,0,0,0,0,0,0,0,0,0,0,0.026322792,0.049360712,0.047109155,0.045099841,0.043292814,0.04165675,0.040166696,0.047092754,0.045569855,Large
AdaRank,languagetool-org_languagetool,0.238095238,0.33634357,0.257424129,0.25417441,0.285386666,0.307664186,0.289654923,0.305806022,0.318984811,0.313838552,0.309457411,0.319147112,0.303494873,0.312096309,0.298784683,0.286813203,0.29456975,0.301634061,0.30810167,0.314050681,Large
AdaRank,linkerd_linkerd2,0.496062992,0.304159631,0.245724687,0.213678473,0.185642772,0.273421649,0.339994714,0.312864992,0.325827306,0.305097916,0.287450457,0.272197357,0.25884772,0.252428071,0.284313736,0.272922068,0.300398832,0.325423425,0.348334262,0.337069727,Large
AdaRank,loomio_loomio,0.244094488,0.195357127,0.149518655,0.165419457,0.143715584,0.128224603,0.208101411,0.271290593,0.322850982,0.302310948,0.298943594,0.296033114,0.293485838,0.325713026,0.322231808,0.349388112,0.3361845,0.332890459,0.329874656,0.319207074,Large
AdaRank,microsoft_onnxruntime,0,0.190356143,0.145691099,0.121196414,0.169856057,0.151547416,0.159477399,0.146751974,0.136368426,0.127692559,0.148768485,0.166984888,0.158795287,0.173997102,0.166575725,0.179617123,0.172829271,0.166647203,0.160987316,0.155781262,Large
AdaRank,yuzu-emu_yuzu,1,0.613147193,0.469278726,0.39038005,0.339160205,0.302602413,0.274876333,0.252942703,0.235045549,0.220091766,0.207361229,0.196357936,0.186727765,0.200655457,0.19209704,0.184400241,0.177431631,0.171084938,0.165274331,0.159929642,Large
AdaRank,microsoft_vscode,1,1,1,1,1,1,0.913424777,0.842423379,0.853572833,0.862888644,0.870819433,0.825864254,0.83440456,0.797421238,0.806061689,0.813832263,0.820867667,0.792350352,0.799402816,0.805889786,Large
AdaRank,Homebrew_homebrew-cask,0,0.386852807,0.296081911,0.414429925,0.360054615,0.321244632,0.383435894,0.432634343,0.402022971,0.44006674,0.472454373,0.500447741,0.524947762,0.501002608,0.522285997,0.501359436,0.482412725,0.465156919,0.483321947,0.467692142,Large
AdaRank,phalcon_cphalcon,1,0.707575831,0.554483567,0.502298616,0.468420923,0.444240966,0.405701571,0.392806208,0.382283998,0.357962788,0.351376424,0.345683679,0.340701342,0.336294683,0.326988613,0.323667274,0.320660165,0.309190215,0.315537029,0.313226699,Large
AdaRank,vespa-engine_vespa,0,0,0,0,0,0.053470211,0.048570979,0.084278397,0.078315215,0.07333274,0.069091031,0.065424825,0.086545027,0.082597331,0.079074364,0.075906073,0.073037531,0.070424993,0.068033129,0.065833054,Large
RandomForest,alibaba_BizCharts,0,0,0,0,0.032026436,0.028574334,0.025956198,0.023885035,0.057294345,0.053649234,0.051912403,0.05041122,0.047938854,0.068379748,0.086621424,0.123217988,0.127785992,0.123215113,0.127320574,0.123203244,Small
RandomForest,AmruthPillai_Reactive-Resume,1,1,0.778293515,0.647440944,0.565592737,0.510569109,0.468838209,0.450904887,0.419000769,0.395850267,0.387072417,0.372800367,0.403560722,0.430766915,0.412393713,0.435937479,0.438209662,0.440279064,0.44217367,0.443916358,Small
RandomForest,apache_kylin,1,1,1,1,1,1,1,1,1,1,1,1,1,1,1,1,1,1,1,1,Small
RandomForest,asynkron_protoactor-dotnet,1,0.805050554,0.732549909,0.61865497,0.544716072,0.49873259,0.544661439,0.520677838,0.483836882,0.484614716,0.485276907,0.485849253,0.511065242,0.533367686,0.531776555,0.530345611,0.519527989,0.500944577,0.500778782,0.500626282,Small
RandomForest,aws_chalice,0.496062992,0.398588269,0.362337947,0.305390477,0.330407679,0.297339515,0.272260031,0.250535167,0.250079452,0.241683466,0.241822925,0.241943462,0.25440649,0.245316079,0.245263975,0.235436923,0.231003069,0.222740135,0.232023078,0.232413446,Small
RandomForest,open-mmlab_mmsegmentation,0.118110236,0.118110236,0.325036289,0.290246321,0.267661193,0.251541222,0.239315548,0.222104385,0.20638922,0.193258575,0.182080122,0.172418331,0.163962253,0.202097576,0.236129953,0.226668877,0.218102907,0.246071209,0.237713822,0.233846047,Small
RandomForest,otya128_winevdm,0.238095238,0.145987427,0.11173303,0.111628468,0.161543475,0.197169948,0.2241897,0.225299286,0.244174391,0.259945291,0.27337146,0.292869674,0.310843084,0.327500779,0.325155303,0.340050661,0.354026799,0.367182269,0.379600588,0.381575842,Small
RandomForest,remotion-dev_remotion,1,0.803503336,0.641040865,0.70139178,0.640604922,0.624593766,0.612450621,0.563580407,0.558520173,0.554292146,0.52865769,0.506501247,0.53070438,0.528941801,0.527368856,0.515778459,0.514882254,0.500439442,0.508934697,0.50852221,Small
RandomForest,capistrano_capistrano,0.023622047,0.206387153,0.274356507,0.39635716,0.347452421,0.363471029,0.375619826,0.385230533,0.393072568,0.3996249,0.405203067,0.410024404,0.414244078,0.396426105,0.422169923,0.406201207,0.428641263,0.44907865,0.434628746,0.436615425,Small
RandomForest,Shopify_shopify_app,0.047619048,0.219553629,0.179211008,0.231810125,0.232634764,0.260598367,0.236720926,0.257095868,0.242274177,0.25816597,0.271695059,0.259804823,0.271195708,0.260997402,0.270852903,0.279716202,0.287740949,0.295049526,0.307037531,0.309947776,Small
RandomForest,StackExchange_StackExchange.Redis,1,0.707575831,0.598824864,0.502117431,0.439336407,0.394526908,0.360542585,0.333658166,0.311721325,0.307418852,0.303756048,0.300590202,0.297819428,0.2953688,0.283778175,0.282188159,0.273607029,0.264665116,0.256478502,0.252003908,Small
RandomForest,tensorflow_tensor2tensor,1,0.803503336,0.730427289,0.615628422,0.599416076,0.546782096,0.50104606,0.5003293,0.499744447,0.470979873,0.446491856,0.425326306,0.428599362,0.431494238,0.434077656,0.436400989,0.421708658,0.424225236,0.409817153,0.412476859,Small
RandomForest,ThePhD_sol2,0.023622047,0.014483792,0.245724687,0.224269184,0.210340591,0.200399159,0.1928594,0.257264812,0.309817605,0.290106765,0.273326423,0.258822792,0.295173058,0.281708929,0.269693394,0.258887523,0.249103989,0.240193589,0.232838108,0.225308522,Small
RandomForest,the-tcpdump-group_tcpdump,0.244094488,0.536518657,0.527026166,0.447685427,0.454032809,0.405092997,0.413428163,0.420021971,0.461058758,0.463285755,0.494330354,0.521162908,0.519931909,0.518843144,0.499064202,0.498943952,0.498835079,0.498735922,0.490087462,0.48213247,Small
RandomForest,vcmi_vcmi,0.05511811,0.128224153,0.155411894,0.149140458,0.161598909,0.180283867,0.195951359,0.209394542,0.205313541,0.216308541,0.244271172,0.244064821,0.25186502,0.274114337,0.280266499,0.285959805,0.304291294,0.302664063,0.298145118,0.314067695,Small
RandomForest,vernesong_OpenClash,1,0.658838469,0.531962341,0.462382406,0.401715487,0.358414914,0.325574988,0.309020434,0.295512438,0.28422597,0.325627737,0.314616152,0.304978723,0.296454838,0.32646266,0.353449446,0.344555819,0.336455906,0.333319009,0.354878333,Small
RandomForest,wiremock_wiremock,1,0.622285448,0.503986098,0.428519029,0.387791819,0.358723069,0.348220175,0.339911513,0.333131907,0.319452059,0.302340673,0.299249932,0.296544891,0.2941524,0.324258427,0.35133353,0.3380564,0.33018897,0.322986079,0.316360744,Small
RandomForest,XTLS_Xray-core,1,0.803503336,0.730427289,0.61029104,0.561457061,0.553977187,0.525034363,0.502138188,0.501425345,0.470534123,0.443317511,0.445904139,0.42637066,0.40909415,0.393676403,0.378538862,0.368432588,0.35922825,0.361347857,0.363364287,Small
RandomForest,zeromicro_go-zero,1,0.805050554,0.643867315,0.53561549,0.530426001,0.473251831,0.452255188,0.416167694,0.421820746,0.410513662,0.38676875,0.366245483,0.360254714,0.35495614,0.350227635,0.356070857,0.351839194,0.354373018,0.352343916,0.350415289,Small
RandomForest,Zulko_moviepy,0.023622047,0.014483792,0.024018203,0.039837664,0.035643871,0.037742983,0.039334987,0.045620822,0.044064281,0.041761828,0.039346243,0.063581189,0.066255509,0.063233307,0.060872106,0.059379598,0.061599069,0.059677334,0.074498425,0.07285317,Small
RandomForest,adobe_react-spectrum,0.023622047,0.206387153,0.392599966,0.494720637,0.461837214,0.412056171,0.396666607,0.384492185,0.428042909,0.400810482,0.391745723,0.37095836,0.355468304,0.339253846,0.367436192,0.352714036,0.34860923,0.336984504,0.326341686,0.348126644,Medium
RandomForest,aseprite_aseprite,0.047619048,0.219553629,0.283495169,0.318561248,0.341325623,0.357573531,0.369896233,0.379644513,0.387598803,0.394244929,0.399902946,0.404793298,0.409073374,0.412858915,0.416237173,0.419275325,0.422026038,0.424531264,0.42682488,0.428934586,Medium
RandomForest,dubzzz_fast-check,0,0,0,0.003971517,0.003450433,0.003078514,0.002796444,0.082367842,0.078211238,0.073235378,0.097692552,0.105461138,0.101447424,0.119447559,0.119390519,0.11460687,0.129022354,0.128632029,0.128274675,0.124126491,Medium
RandomForest,education_classroom,0.492063492,0.492063492,0.492063492,0.492063492,0.492063492,0.492063492,0.492063492,0.492063492,0.465108917,0.442587297,0.416987184,0.44792383,0.450088614,0.431730224,0.434303577,0.416902229,0.419742623,0.413245133,0.415922063,0.418384347,Medium
RandomForest,esphome_esphome,0.238095238,0.145987427,0.227190494,0.207674354,0.311631501,0.290017578,0.285260171,0.262497967,0.260771333,0.275486323,0.273323549,0.264716005,0.257182613,0.267896553,0.266625458,0.275658139,0.283836243,0.29128449,0.28516521,0.291855947,Medium
RandomForest,ethereum_mist,0,0.386852807,0.353356086,0.334986203,0.323060748,0.396027458,0.382106532,0.371093925,0.362107983,0.342577045,0.324128066,0.306928726,0.291875726,0.289696216,0.277340004,0.266227754,0.293957501,0.284287656,0.282922564,0.281666931,Medium
RandomForest,FaridSafi_react-native-gifted-chat,0.244094488,0.536518657,0.527026166,0.521820404,0.453354917,0.457958385,0.461449736,0.434053119,0.438440675,0.418061,0.422572787,0.400149636,0.386317307,0.368695692,0.352969971,0.378894682,0.383322551,0.36961118,0.357860253,0.378625955,Medium
RandomForest,FormidableLabs_victory,0.244094488,0.244094488,0.303216217,0.256208738,0.225692184,0.254835224,0.231485834,0.232491936,0.217713188,0.205364956,0.200317973,0.189688419,0.192356708,0.188970003,0.206506902,0.202227701,0.218109497,0.213928872,0.210853636,0.224955323,Medium
RandomForest,Genymobile_scrcpy,0,0.009138255,0.019926939,0.025843544,0.153657817,0.143036306,0.132094921,0.125952592,0.117040721,0.111097351,0.106037609,0.153474298,0.147105829,0.140395692,0.177059797,0.170911969,0.202243763,0.196981108,0.224254268,0.249340559,Medium
RandomForest,hibernate_hibernate-orm,1,0.805050554,0.629086883,0.691447592,0.607957933,0.544972862,0.497203862,0.477007116,0.44492751,0.416620872,0.392522707,0.372947582,0.354656755,0.33955682,0.335485132,0.33182336,0.328508027,0.317602317,0.340778784,0.329758581,Medium
RandomForest,ipfs_js-ipfs,1,0.803503336,0.730427289,0.690351771,0.664335342,0.645766305,0.631683217,0.620542325,0.611451708,0.603856135,0.597389831,0.56821712,0.564482245,0.56117891,0.558230978,0.545404021,0.543388246,0.523951358,0.522868341,0.521872165,Medium
RandomForest,LuckSiege_PictureSelector,0.023622047,0.023622047,0.023622047,0.019650531,0.020171614,0.071467543,0.069969519,0.067083871,0.06875093,0.07023708,0.071575562,0.10012379,0.100442625,0.097680313,0.098031643,0.095584783,0.093302028,0.11407127,0.114006091,0.132794671,Medium
RandomForest,psf_black,1,0.622285448,0.481815449,0.568936541,0.526315614,0.495895238,0.450458616,0.494309017,0.530089567,0.497867705,0.47043641,0.451740783,0.430744145,0.41648355,0.441371872,0.463754562,0.484019638,0.466706353,0.454866883,0.443976749,Medium
RandomForest,pygame_pygame,0.05511811,0.05511811,0.0541282,0.098838848,0.131870535,0.157730404,0.162789743,0.181304731,0.197129933,0.210879891,0.203851304,0.215390716,0.225753783,0.23513223,0.243675912,0.237497044,0.245125563,0.239481647,0.239443771,0.24605679,Medium
RandomForest,google_orbit,1,0.613147193,0.526552901,0.606152396,0.55864856,0.498432304,0.475128488,0.43721583,0.423551382,0.39660471,0.431506271,0.421561564,0.449930475,0.440541399,0.421751294,0.444920126,0.44685285,0.439600224,0.458633241,0.476140117,Medium
RandomForest,PyGithub_PyGithub,0.05511811,0.05511811,0.276824595,0.231606597,0.332423713,0.299138242,0.282551471,0.269429958,0.252037633,0.299623588,0.28365912,0.321670607,0.3116872,0.302857312,0.294977423,0.283473981,0.310551981,0.299725251,0.290347879,0.284778008,Medium
RandomForest,stellar_stellar-core,0,0,0,0.040030366,0.099339407,0.141670804,0.17377569,0.168775399,0.164695318,0.154217272,0.145297044,0.163697653,0.155669272,0.171013678,0.184707192,0.217373729,0.22775444,0.223582132,0.217605847,0.212108765,Medium
RandomForest,Tencent_wepy,0.118110236,0.166847598,0.184972759,0.153873745,0.165711164,0.160580301,0.168232325,0.164232856,0.169883527,0.174604887,0.178624301,0.175413218,0.17878162,0.176014134,0.173544399,0.166590953,0.164758834,0.194635243,0.196315041,0.197860147,Medium
RandomForest,the1812_Bilibili-Evolved,0,0,0.027713311,0.032320812,0.035311933,0.037446824,0.039065964,0.040346837,0.04139199,0.042265257,0.097662504,0.145543605,0.187449531,0.181413318,0.174683157,0.167684084,0.16343014,0.193354076,0.188659128,0.183322111,Medium
RandomForest,zyedidia_micro,0.047619048,0.029197485,0.078213121,0.161592455,0.156721729,0.14657965,0.138209891,0.131124011,0.125008229,0.119649449,0.114896593,0.114225023,0.127075661,0.138767432,0.141466812,0.16675564,0.19013904,0.187636,0.208492386,0.227994978,Medium
RandomForest,ansible_awx,0.244094488,0.170988446,0.130867826,0.276992877,0.371855083,0.334319338,0.30368718,0.279454602,0.261352975,0.244725493,0.230570092,0.271398664,0.307132159,0.293122524,0.280620173,0.269376495,0.296987249,0.322133874,0.311193149,0.301129694,Large
RandomForest,apache_airflow,0,0.386852807,0.530721274,0.44546393,0.387016801,0.345300587,0.405287712,0.372947966,0.417315509,0.454386356,0.428103762,0.405387118,0.385505329,0.367920751,0.394880388,0.419125864,0.441077488,0.425300235,0.410855642,0.429907564,Large
RandomForest,apache_tvm,0.225806452,0.17588996,0.248154428,0.287784869,0.250026033,0.233507147,0.256446843,0.254001907,0.270266467,0.283856154,0.295425401,0.284884292,0.294643386,0.303274881,0.31097772,0.302395175,0.309253267,0.301652933,0.291407809,0.281984178,Large
RandomForest,apple_cups,1,0.634469788,0.720237564,0.767273333,0.73168916,0.706291214,0.733202412,0.676581774,0.699465477,0.71858572,0.705714571,0.671191707,0.687317768,0.701580567,0.714308843,0.686634926,0.661579223,0.638759623,0.61893724,0.631260159,Large
RandomForest,argoproj_argo-workflows,0.118110236,0.081557215,0.090133993,0.09483757,0.097891062,0.195128621,0.177249875,0.163106303,0.159922572,0.157262438,0.154997798,0.146773087,0.139574754,0.133208141,0.132564181,0.12819917,0.161145109,0.19115078,0.188670083,0.183332712,Large
RandomForest,Automattic_mongoose,1,0.707575831,0.598824864,0.666273451,0.710060069,0.633523294,0.597841707,0.552022114,0.514634765,0.483396149,0.456801918,0.432562452,0.423319237,0.415144015,0.407848359,0.431574244,0.453055435,0.445580944,0.438737802,0.43244337,Large
RandomForest,facebook_hhvm,1,0.634469788,0.49853108,0.42398115,0.371452003,0.43920266,0.409782424,0.386508576,0.360832264,0.337875831,0.32516416,0.314177173,0.304561274,0.29605643,0.288466615,0.281640904,0.27546097,0.269832566,0.264679577,0.257902718,Large
RandomForest,neo4j_neo4j,0.244094488,0.14966585,0.11454835,0.095289619,0.082787137,0.073863581,0.089461064,0.082322559,0.147253525,0.201505928,0.247692384,0.234548982,0.272089732,0.30529289,0.292271444,0.280560933,0.307749019,0.296740898,0.286662603,0.285286023,Large
RandomForest,fish-shell_fish-shell,1,0.634469788,0.491140864,0.40856656,0.354960553,0.42448881,0.431046826,0.436234761,0.476124399,0.447335843,0.450154316,0.452590387,0.431552081,0.434494704,0.458614808,0.460115254,0.443619882,0.463521487,0.464626704,0.465643299,Large
RandomForest,kubernetes_ingress-nginx,0,0.021322596,0.016319475,0.181703258,0.165094644,0.147299232,0.138853096,0.127773377,0.118732675,0.174799597,0.222530799,0.210722557,0.200387888,0.236861679,0.226758983,0.217673375,0.247238024,0.242619149,0.235181288,0.227575927,Large
RandomForest,Kunena_Kunena-Forum,1,1,0.881756541,0.901636523,0.815363669,0.727476309,0.660820969,0.608091064,0.635820879,0.610898938,0.57556335,0.598085405,0.617796888,0.600750694,0.585538485,0.562077571,0.550060776,0.530385213,0.546334874,0.536560936,Large
RandomForest,languagetool-org_languagetool,0.111111111,0.160235277,0.122637774,0.142049353,0.154651061,0.191020461,0.195333709,0.219011125,0.203514826,0.22187252,0.266880932,0.278829886,0.289287706,0.298537193,0.328456198,0.324835684,0.321557704,0.327656662,0.35049165,0.342750493,Large
RandomForest,linkerd_linkerd2,0.496062992,0.304159631,0.467431172,0.556970657,0.483893279,0.539523986,0.490089861,0.530777905,0.510493402,0.541636198,0.517138629,0.542760898,0.540470648,0.538445021,0.5154791,0.494825273,0.513916165,0.531303286,0.513258481,0.512702409,Large
RandomForest,loomio_loomio,0.244094488,0.14966585,0.11454835,0.115147202,0.231244382,0.219049748,0.20980112,0.193060137,0.17940002,0.175500715,0.165349411,0.156575408,0.197940291,0.188911372,0.180853867,0.178339902,0.171600317,0.165462208,0.168132819,0.162695691,Large
RandomForest,microsoft_onnxruntime,0.492063492,0.39381516,0.416868086,0.346781082,0.301281643,0.321845857,0.337442124,0.329514785,0.314061467,0.357701417,0.394853221,0.400011529,0.404526122,0.431688279,0.434263421,0.416863682,0.438900796,0.458971201,0.460095124,0.461128927,Large
RandomForest,yuzu-emu_yuzu,1,0.613147193,0.469278726,0.39038005,0.339160205,0.302602413,0.274876333,0.252942703,0.235045549,0.220091766,0.235823142,0.223309563,0.212357577,0.202671023,0.194026637,0.186252524,0.179213916,0.17280347,0.166934497,0.16153612,Large
RandomForest,microsoft_vscode,1,1,1,1,0.871894255,0.783854645,0.717083836,0.659864462,0.683931011,0.704039569,0.721158498,0.735954778,0.748904602,0.714743801,0.70541656,0.677152462,0.653645365,0.648008675,0.626802454,0.638871025,Large
RandomForest,Homebrew_homebrew-cask,1,1,1,0.915274312,0.860271659,0.875332858,0.886755541,0.89579183,0.903165158,0.877264998,0.88436423,0.890500258,0.895870559,0.900620356,0.904859127,0.888479792,0.892694216,0.896532522,0.882931261,0.886717064,Large
RandomForest,phalcon_cphalcon,1,0.613147193,0.469278726,0.473781899,0.411619308,0.379982213,0.355988077,0.36716529,0.342857627,0.328559021,0.338247777,0.34662199,0.335414869,0.325502658,0.311619219,0.303865847,0.301607048,0.29166358,0.281757727,0.288687993,Large
RandomForest,vespa-engine_vespa,0.496062992,0.496062992,0.379667088,0.315834596,0.339481476,0.302889055,0.320588703,0.334590593,0.346015695,0.355561823,0.334995433,0.37028284,0.376451597,0.381907594,0.408270659,0.411788256,0.396226501,0.399797632,0.40306712,0.390032618,Large
LambdaMART,alibaba_BizCharts,0.244094488,0.536518657,0.467904437,0.557364353,0.499731982,0.472177033,0.439735505,0.406531924,0.448523209,0.423494467,0.413117622,0.404148679,0.387030837,0.374764197,0.363817314,0.389307402,0.393341768,0.388003222,0.408788644,0.403462716,Small
LambdaMART,AmruthPillai_Reactive-Resume,0.05511811,0.225698876,0.23001521,0.232382325,0.23391902,0.235015825,0.258934388,0.277855955,0.29329536,0.290165162,0.287500344,0.285197082,0.273913098,0.284046322,0.282342284,0.311096852,0.308564788,0.299499051,0.293338491,0.299894255,Small
LambdaMART,apache_kylin,1,1,1,1,1,1,1,1,1,1,1,1,0.9629274,0.964618443,0.933886435,0.936535424,0.938933793,0.941118119,0.943117941,0.94495741,Small
LambdaMART,asynkron_protoactor-dotnet,0.496062992,0.496062992,0.379667088,0.356873601,0.310049972,0.330100158,0.345306577,0.357336115,0.33595245,0.346138809,0.354810717,0.362306044,0.368866014,0.374668022,0.379845798,0.3845023,0.379196195,0.374363634,0.378496944,0.370076483,Small
LambdaMART,aws_chalice,0.023622047,0.206387153,0.157960603,0.131403076,0.114162325,0.155327075,0.186547155,0.191139118,0.212714239,0.214710675,0.20229139,0.204509605,0.195638163,0.187073422,0.200252539,0.196961324,0.198742518,0.200364748,0.201849954,0.195577104,Small
LambdaMART,open-mmlab_mmsegmentation,0.118110236,0.07241896,0.060969283,0.070576251,0.061316288,0.057253258,0.062829306,0.137610409,0.145144771,0.135910546,0.131237354,0.127198208,0.122118422,0.116548069,0.111577026,0.111838793,0.108505023,0.10462382,0.135033737,0.132449402,Small
LambdaMART,otya128_winevdm,0,0,0.115457464,0.114726723,0.164235223,0.254321601,0.231019272,0.231583895,0.215198001,0.232812401,0.219346078,0.226444289,0.246106058,0.240157399,0.245778403,0.251033648,0.255964581,0.260605975,0.264987293,0.278911062,Small
LambdaMART,remotion-dev_remotion,0,0.092107811,0.096566733,0.248458743,0.280420923,0.275858673,0.342208444,0.333900779,0.381031136,0.371937441,0.356850737,0.364025587,0.357849463,0.341526391,0.347947145,0.374073107,0.397727305,0.387475101,0.415445388,0.425065726,Small
LambdaMART,capistrano_capistrano,0.023622047,0.014483792,0.245724687,0.208383118,0.312247272,0.278590403,0.253064433,0.312665812,0.361298665,0.339815413,0.320159826,0.356234461,0.339921831,0.324416516,0.353231708,0.341287118,0.328389648,0.317488172,0.340668516,0.361990169,Small
LambdaMART,Shopify_shopify_app,0.111111111,0.086549028,0.066241219,0.073785084,0.128665335,0.167835715,0.197543229,0.200779058,0.189942105,0.209163306,0.210836785,0.225759632,0.220136814,0.212267528,0.205244891,0.197021293,0.208171136,0.218325909,0.231618634,0.24426431,Small
LambdaMART,StackExchange_StackExchange.Redis,0.118110236,0.459271767,0.586147895,0.65572783,0.700898087,0.627895075,0.575414131,0.609293765,0.567854117,0.535233448,0.505640846,0.480063286,0.505563042,0.487889632,0.467080015,0.449311876,0.47012275,0.462037765,0.450356856,0.443686684,Small
LambdaMART,tensorflow_tensor2tensor,0.492063492,0.688560156,0.761636203,0.652265022,0.631245768,0.616243428,0.564142966,0.558391418,0.52225133,0.49205485,0.49205535,0.519008624,0.517687128,0.499141424,0.520504197,0.499649028,0.489764734,0.473949272,0.491815682,0.475911204,Small
LambdaMART,ThePhD_sol2,0.05511811,0.225698876,0.200454346,0.207791455,0.212554598,0.215954256,0.218532617,0.201094908,0.186866285,0.206537623,0.223284335,0.212689574,0.208051029,0.209695128,0.21116234,0.212481841,0.208915474,0.21017382,0.236998912,0.231117198,Small
LambdaMART,the-tcpdump-group_tcpdump,0.118110236,0.264322321,0.436941263,0.363479405,0.446994139,0.506602173,0.471006427,0.513217225,0.512003464,0.543050188,0.514827244,0.540572163,0.563104324,0.560046277,0.557317242,0.575054321,0.572069186,0.551606386,0.541162272,0.5560003,Small
LambdaMART,vcmi_vcmi,0.496062992,0.325482227,0.276824595,0.23954963,0.223616165,0.238794575,0.232378249,0.24416769,0.275551952,0.283853765,0.291282826,0.28950571,0.283894739,0.282532675,0.302784992,0.321526798,0.338945179,0.330613233,0.346404806,0.361232544,Small
LambdaMART,vernesong_OpenClash,0.118110236,0.166847598,0.155411894,0.149140458,0.161598909,0.156911302,0.153356137,0.150543707,0.141563268,0.140071168,0.138800905,0.144388141,0.149278135,0.147856431,0.151961206,0.145872539,0.144823383,0.175412879,0.170257564,0.197090016,Small
LambdaMART,wiremock_wiremock,0.118110236,0.166847598,0.127698584,0.106228935,0.095390492,0.085108432,0.0996756,0.091722031,0.085232169,0.087323898,0.083639258,0.079201074,0.076475259,0.084121102,0.081540678,0.078273568,0.079779022,0.078896906,0.07701959,0.078348392,Small
LambdaMART,XTLS_Xray-core,0,0,0.055866515,0.065154653,0.071184374,0.075488043,0.070025789,0.083436814,0.094379788,0.095444248,0.118385479,0.117999477,0.117661644,0.112294584,0.150157265,0.184208123,0.17904633,0.176616301,0.208172337,0.206338996,Small
LambdaMART,zeromicro_go-zero,0.244094488,0.244094488,0.303216217,0.335639071,0.29160152,0.286480777,0.271053752,0.28900826,0.303658575,0.291853844,0.3036657,0.287552163,0.29777836,0.284195392,0.272073804,0.281048433,0.274890889,0.287993462,0.287122714,0.290582312,Small
LambdaMART,Zulko_moviepy,0.118110236,0.166847598,0.127698584,0.126086518,0.110576438,0.098657497,0.08961796,0.082466936,0.076631926,0.073259395,0.069021929,0.066612857,0.063345898,0.06153392,0.063947031,0.061384849,0.096855747,0.0953628,0.092391394,0.090167511,Small
LambdaMART,adobe_react-spectrum,0.05511811,0.079486791,0.066378723,0.064485504,0.063256454,0.056438095,0.05631715,0.05370826,0.053808015,0.053891364,0.053962322,0.054023652,0.052532637,0.051213899,0.091681812,0.090216806,0.087700145,0.086534692,0.087607101,0.086556463,Medium
LambdaMART,aseprite_aseprite,0.238095238,0.238095238,0.238095238,0.238095238,0.238095238,0.265470261,0.286231967,0.302656198,0.28910328,0.302015769,0.3130085,0.322509768,0.330825354,0.338180128,0.344743608,0.35064631,0.375185823,0.37028212,0.374418215,0.378222663,Medium
LambdaMART,dubzzz_fast-check,0,0.386852807,0.530721274,0.524894262,0.587230548,0.523933463,0.478092208,0.441827971,0.410566097,0.384445558,0.362208476,0.342988461,0.327325467,0.312394727,0.299070372,0.287087446,0.276238218,0.266357233,0.291274151,0.297896672,Medium
LambdaMART,education_classroom,0.238095238,0.238095238,0.238095238,0.21674571,0.252868801,0.278651394,0.298205372,0.283276272,0.333988605,0.327887793,0.366764075,0.40036573,0.386179538,0.373632469,0.400348488,0.404023255,0.407350355,0.410380527,0.413154749,0.415706523,Medium
LambdaMART,esphome_esphome,0,0,0.02607104,0.104417203,0.090717136,0.080938813,0.073522758,0.067656043,0.062868989,0.058869214,0.055464104,0.052520989,0.049945152,0.047666936,0.045633831,0.04380541,0.060745384,0.058572534,0.073295311,0.086837558,Medium
LambdaMART,ethereum_mist,1,0.658838469,0.517181909,0.598356925,0.551875894,0.505120661,0.458838756,0.502020468,0.483770719,0.460507111,0.491712432,0.478572981,0.456260385,0.436525866,0.418914567,0.411910008,0.398426602,0.392906173,0.387852039,0.383203166,Medium
LambdaMART,FaridSafi_react-native-gifted-chat,0.244094488,0.536518657,0.527026166,0.606546091,0.592050148,0.540964565,0.536850439,0.533595823,0.513111936,0.483974008,0.470098908,0.45142119,0.441253068,0.426513116,0.413359022,0.401529217,0.390818623,0.376839119,0.364040425,0.353031876,Medium
LambdaMART,FormidableLabs_victory,0,0.009138255,0.064268236,0.057434493,0.049898795,0.044520246,0.062806325,0.062192848,0.066149325,0.061940853,0.059724418,0.082878029,0.081516573,0.077798247,0.077145682,0.080480852,0.078878664,0.079496482,0.08712526,0.087553876,Medium
LambdaMART,Genymobile_scrcpy,0.023622047,0.023622047,0.031012263,0.03506512,0.037696174,0.036179136,0.032864207,0.030241822,0.032001963,0.033472631,0.08937846,0.087560489,0.085969387,0.084562125,0.081962891,0.079625334,0.077508932,0.075581409,0.074886408,0.07246471,Medium
LambdaMART,hibernate_hibernate-orm,0.496062992,0.398588269,0.31799665,0.268504173,0.298361046,0.272142095,0.247206955,0.307275729,0.289434124,0.271020097,0.269462668,0.281486853,0.268840141,0.259091348,0.269198735,0.260621114,0.269518621,0.26072295,0.285831227,0.284481533,Medium
LambdaMART,ipfs_js-ipfs,0.047619048,0.072181131,0.17070206,0.150008417,0.130326551,0.16931787,0.198889581,0.222283258,0.214417188,0.207844774,0.253664579,0.246100206,0.25816322,0.26883243,0.259397169,0.268719468,0.277159789,0.268949163,0.276526858,0.267584452,Medium
LambdaMART,LuckSiege_PictureSelector,0.244094488,0.170988446,0.143800704,0.119623846,0.169014573,0.150796635,0.139144207,0.133405692,0.130157444,0.129489229,0.125248908,0.124814183,0.121192274,0.131391749,0.127954727,0.125949557,0.125595185,0.123809028,0.122131437,0.119541491,Medium
LambdaMART,psf_black,1,0.707575831,0.547093351,0.496150898,0.562258459,0.609442249,0.558652054,0.59386921,0.622605303,0.58650132,0.566695841,0.542892361,0.56531073,0.550658658,0.528179332,0.516796834,0.499349685,0.485712826,0.470018706,0.462712702,Medium
LambdaMART,pygame_pygame,0,0,0,0.102094188,0.102851629,0.103444614,0.111921496,0.119016217,0.115380359,0.115181324,0.13140658,0.128051903,0.141686336,0.14060959,0.137517394,0.148691161,0.158980901,0.157612981,0.154608027,0.163441856,Medium
LambdaMART,google_orbit,0,0,0,0.168127536,0.14606835,0.130323766,0.118382793,0.108936493,0.101228608,0.158409153,0.149246458,0.141326933,0.1343957,0.128265327,0.122794515,0.117874477,0.113419921,0.145132712,0.140203529,0.135669586,Medium
LambdaMART,PyGithub_PyGithub,0.023622047,0.017529877,0.041129988,0.07525391,0.065380215,0.064274071,0.069206834,0.06431281,0.059762308,0.055960183,0.054089682,0.057486831,0.057370659,0.060141256,0.059927007,0.057525897,0.056244648,0.055077744,0.070055052,0.067789591,Medium
LambdaMART,stellar_stellar-core,1,0.803503336,0.730427289,0.690351771,0.664335342,0.645766305,0.596778286,0.588422617,0.546788327,0.512001223,0.510847985,0.509851216,0.484846093,0.462730151,0.442993644,0.427152073,0.411009709,0.396307974,0.382848053,0.370467401,Medium
LambdaMART,Tencent_wepy,0.244094488,0.244094488,0.244094488,0.286457332,0.251972008,0.251122897,0.238935553,0.219869801,0.212669725,0.262760298,0.254393456,0.247161804,0.259368904,0.250052136,0.249798028,0.249569503,0.258884658,0.258355617,0.283544296,0.278194441,Medium
LambdaMART,the1812_Bilibili-Evolved,0,0.386852807,0.530721274,0.441492414,0.383566367,0.342222073,0.310865823,0.286060429,0.265820005,0.312529115,0.294451821,0.331890611,0.364657341,0.348023732,0.333179717,0.359897369,0.346296606,0.369679445,0.361135328,0.349456828,Medium
LambdaMART,zyedidia_micro,0.492063492,0.320128911,0.245014067,0.406677482,0.451262321,0.486773292,0.464504181,0.465497096,0.448299415,0.471949396,0.492925242,0.474658687,0.492922031,0.509538391,0.496737147,0.48210533,0.471291753,0.46471048,0.455264196,0.468686379,Medium
LambdaMART,ansible_awx,0,0,0,0.168127536,0.14606835,0.130323766,0.118382793,0.108936493,0.101228608,0.094788364,0.147147572,0.139339421,0.144477024,0.183501154,0.218326711,0.210525432,0.240360207,0.267532369,0.292409376,0.315291648,Large
LambdaMART,apache_airflow,0,0,0,0.168127536,0.14606835,0.183793976,0.166953772,0.233426311,0.287665816,0.332985078,0.371566523,0.404913344,0.43409875,0.414297615,0.439279172,0.441554343,0.424867708,0.409670275,0.429719812,0.448161699,Large
LambdaMART,apache_tvm,0.096774194,0.096774194,0.074067158,0.099578712,0.149999807,0.158170941,0.188013351,0.191029034,0.211749288,0.204434482,0.220597633,0.208891972,0.222378031,0.234305863,0.244950389,0.254523279,0.248561835,0.239670828,0.239199948,0.231464631,Large
LambdaMART,apple_cups,0.496062992,0.496062992,0.496062992,0.58078868,0.635791333,0.620730134,0.609307451,0.640482583,0.665920511,0.627060781,0.648632314,0.66727708,0.634937342,0.65158944,0.666449953,0.679814385,0.656206692,0.632734311,0.613116567,0.594053322,Large
LambdaMART,argoproj_argo-workflows,0,0.021322596,0.021862138,0.186314046,0.161868698,0.144421008,0.131188369,0.120720253,0.120535579,0.112867011,0.113170289,0.110089843,0.10584912,0.106408403,0.102877374,0.100963792,0.097148302,0.129443126,0.125046812,0.121003012,Large
LambdaMART,Automattic_mongoose,0,0.386852807,0.353356086,0.293947198,0.386584911,0.452704404,0.502850607,0.542520413,0.574889729,0.60193558,0.595811703,0.564195904,0.542318096,0.517580606,0.538156905,0.518802871,0.500089654,0.482201548,0.47411465,0.491120883,Large
LambdaMART,facebook_hhvm,1,0.622285448,0.533546962,0.484882031,0.552468124,0.495464252,0.472432386,0.5145294,0.482023405,0.514977484,0.492021908,0.518976956,0.49352427,0.516626835,0.49459151,0.484554784,0.467135826,0.48619627,0.469683448,0.462388286,Large
LambdaMART,neo4j_neo4j,0.496062992,0.691012438,0.52887372,0.480994489,0.41788557,0.480631192,0.436593146,0.441338515,0.410111272,0.38401967,0.419649175,0.39738116,0.426935975,0.453075921,0.438788863,0.430987995,0.423925164,0.444531245,0.463396789,0.48074962,Large
LambdaMART,fish-shell_fish-shell,1,1,0.770903299,0.809420763,0.834425727,0.747029883,0.724034931,0.746055436,0.694939112,0.714347326,0.674394428,0.639862229,0.657524811,0.673146596,0.665593573,0.678992317,0.691123413,0.702171867,0.712287088,0.721591232,Large
LambdaMART,kubernetes_ingress-nginx,0,0.009138255,0.123389965,0.111911587,0.228433296,0.230121402,0.209036427,0.192356461,0.182646058,0.186555455,0.177131069,0.180684376,0.171822898,0.163985308,0.16202863,0.195603835,0.189104527,0.182340296,0.176949703,0.175046935,Large
LambdaMART,Kunena_Kunena-Forum,0,0,0,0,0,0,0,0,0,0.031559919,0.043853333,0.054478811,0.076135848,0.07266296,0.069563718,0.066776491,0.064252962,0.061954647,0.059850464,0.057915002,Large
LambdaMART,languagetool-org_languagetool,1,0.705255004,0.595640934,0.495497291,0.495046759,0.549475242,0.544214865,0.500789491,0.46535575,0.43574945,0.410544851,0.401394087,0.381708132,0.38674192,0.374985631,0.35996099,0.350556786,0.346534059,0.34285112,0.364102192,Large
LambdaMART,linkerd_linkerd2,0.496062992,0.398588269,0.305063771,0.337176,0.296036129,0.27006778,0.290774691,0.307155577,0.320521865,0.315659495,0.297401133,0.294572501,0.285918093,0.272876123,0.282395557,0.275813097,0.303180607,0.310079971,0.333511922,0.3265462,Large
LambdaMART,loomio_loomio,0,0.094428638,0.072271963,0.228248592,0.198301218,0.176926497,0.160715528,0.147891307,0.154698236,0.144856212,0.136477446,0.182298894,0.222402195,0.212257462,0.203204192,0.19506236,0.196915317,0.189871696,0.217386314,0.210356413,Large
LambdaMART,microsoft_onnxruntime,0,0,0.115457464,0.114726723,0.099673994,0.088930219,0.080781948,0.154130528,0.213980666,0.207436024,0.223899432,0.238129131,0.231899664,0.22132171,0.254534134,0.244335652,0.235102043,0.226692491,0.222766967,0.223262657,Large
LambdaMART,yuzu-emu_yuzu,0,0.190356143,0.380330462,0.316386439,0.33943616,0.355887731,0.368364896,0.338971389,0.31498721,0.294947476,0.277887138,0.316204906,0.349740926,0.379402075,0.405872006,0.389609833,0.374886215,0.36999323,0.357427044,0.345868464,Large
LambdaMART,microsoft_vscode,0.023622047,0.401336599,0.541806598,0.459980862,0.406860813,0.36300563,0.421370522,0.467541994,0.451731796,0.426498921,0.459671343,0.488343022,0.465551265,0.455449656,0.437031214,0.459587822,0.443112382,0.431487121,0.450795686,0.440037207,Large
LambdaMART,Homebrew_homebrew-cask,0,0.386852807,0.530721274,0.60961995,0.660839795,0.697397587,0.725123667,0.747057297,0.764954451,0.779908234,0.792638771,0.803642064,0.813272235,0.821789702,0.829390782,0.816035255,0.803943288,0.810956197,0.817376746,0.82328247,Large
LambdaMART,phalcon_cphalcon,0,0.094428638,0.099985273,0.124214,0.111015825,0.152519734,0.138545046,0.127489908,0.118469262,0.126461638,0.125978577,0.119293724,0.113443088,0.15388281,0.147319354,0.151196867,0.146375728,0.149871109,0.146652986,0.141910479,Large
LambdaMART,vespa-engine_vespa,0,0,0,0,0,0,0.045451992,0.041825171,0.0388658,0.036393127,0.062981329,0.059639325,0.056714376,0.054127387,0.051818729,0.049742495,0.047862693,0.046150654,0.044583226,0.05918331,Large
